WKT,Name,OBJECTID,UKATEGORIE,UTYP1,UART,UMONAT,USTUNDE,UWOCHENTAG,STRZUSTAND,ULICHTVERH,ISTRAD,ISTPKW,ISTFUSS,ISTKRAD,ISTGKFZ,ISTSONSTIG
"POINT (10.738559148000036 52.368934388000071)",Unfall 16336 (2018) Kat:3, Licht: 0,16336,3,2,4,06,15,5,0,0,0,1,0,0,0,0
"POINT (10.723590863000027 52.362774504000072)",Unfall 16530 (2018) Kat:3, Licht: 0,16530,3,1,2,06,18,3,0,0,0,1,0,0,0,0
"POINT (10.786554818000070 52.416669458000058)",Unfall 16573 (2018) Kat:3, Licht: 0,16573,3,6,2,06,10,5,1,0,0,1,0,0,0,0
"POINT (10.737448394000069 52.420743866000066)",Unfall 16610 (2018) Kat:3, Licht: 0,16610,3,6,2,06,09,2,0,0,0,1,0,0,0,0
"POINT (10.721985543000073 52.367053481000028)",Unfall 16724 (2018) Kat:3, Licht: 0,16724,3,3,5,06,17,7,0,0,0,1,0,0,0,0
"POINT (10.686744509000050 52.389152890000048)",Unfall 16806 (2018) Kat:2, Licht: 0,16806,2,1,8,06,19,5,0,0,0,1,0,0,0,0
"POINT (10.783175827000036 52.449078977000056)",Unfall 16962 (2018) Kat:2, Licht: 0,16962,2,7,2,06,15,6,0,0,0,1,0,1,0,0
"POINT (10.831451651000066 52.452161810000064)",Unfall 16983 (2018) Kat:3, Licht: 0,16983,3,2,5,06,17,3,0,0,0,1,0,0,0,0
"POINT (10.835622675000025 52.402426202000072)",Unfall 17069 (2018) Kat:3, Licht: 0,17069,3,2,5,07,06,4,0,0,1,0,0,0,1,0
"POINT (10.849691532000065 52.396811211000056)",Unfall 17346 (2018) Kat:3, Licht: 0,17346,3,2,5,07,15,1,0,0,0,1,0,1,0,0
"POINT (10.835632966000048 52.402417400000047)",Unfall 17349 (2018) Kat:3, Licht: 0,17349,3,2,3,07,15,3,0,0,0,0,0,1,1,0
"POINT (10.687100432000022 52.411966224000082)",Unfall 17403 (2018) Kat:3, Licht: 0,17403,3,3,5,06,07,5,0,0,0,1,0,0,0,0
"POINT (10.780605098000024 52.465682642000047)",Unfall 17595 (2018) Kat:3, Licht: 0,17595,3,3,5,07,14,5,0,0,1,1,0,0,0,0
"POINT (10.827990034000038 52.448914551000030)",Unfall 18101 (2018) Kat:3, Licht: 0,18101,3,6,2,07,16,4,1,0,0,1,0,0,0,0
"POINT (10.849813481000069 52.399369187000048)",Unfall 18166 (2018) Kat:2, Licht: 0,18166,2,6,2,07,20,5,0,0,1,1,0,0,0,0
"POINT (10.730710305000059 52.384199333000026)",Unfall 18193 (2018) Kat:3, Licht: 0,18193,3,6,2,07,14,2,0,0,0,1,0,0,0,0
"POINT (10.734053101000029 52.386767205000069)",Unfall 18224 (2018) Kat:3, Licht: 0,18224,3,6,3,07,19,5,0,0,0,1,0,0,1,0
"POINT (10.777509830000042 52.351049509000063)",Unfall 18466 (2018) Kat:3, Licht: 0,18466,3,3,5,07,08,7,0,0,0,1,0,0,0,1
"POINT (10.772151652000048 52.427492832000041)",Unfall 18575 (2018) Kat:3, Licht: 0,18575,3,2,3,08,15,3,0,0,0,1,0,1,0,0
"POINT (10.736070281000025 52.422869718000072)",Unfall 18761 (2018) Kat:3, Licht: 0,18761,3,6,2,07,16,2,0,0,0,1,0,0,0,0
"POINT (10.723477335000041 52.369378285000039)",Unfall 19009 (2018) Kat:3, Licht: 0,19009,3,6,2,08,10,5,0,0,0,1,0,0,0,0
"POINT (10.662211033000062 52.401988460000041)",Unfall 19064 (2018) Kat:3, Licht: 0,19064,3,6,0,08,18,2,0,0,0,1,0,0,0,1
"POINT (10.791228483000054 52.427851944000054)",Unfall 19162 (2018) Kat:3, Licht: 0,19162,3,7,0,08,14,7,0,0,0,1,0,0,0,1
"POINT (10.742077997000024 52.369113148000054)",Unfall 19282 (2018) Kat:3, Licht: 0,19282,3,6,2,07,12,7,0,0,0,1,0,0,0,0
"POINT (10.860034201000076 52.416521307000039)",Unfall 20463 (2018) Kat:3, Licht: 0,20463,3,6,6,09,09,7,0,0,0,1,1,0,0,0
"POINT (10.778423699000030 52.352000976000056)",Unfall 20888 (2018) Kat:3, Licht: 0,20888,3,6,2,09,17,3,0,0,0,1,0,0,0,0
"POINT (10.848272298000040 52.367732662000037)",Unfall 21135 (2018) Kat:3, Licht: 0,21135,3,6,4,09,17,3,0,0,0,1,0,0,0,0
"POINT (10.825114352000071 52.439391441000055)",Unfall 21483 (2018) Kat:3, Licht: 0,21483,3,3,5,09,17,3,0,0,1,1,0,0,0,0
"POINT (10.851445347000038 52.465208117000032)",Unfall 21513 (2018) Kat:3, Licht: 0,21513,3,6,2,09,17,6,0,0,0,1,0,0,0,0
"POINT (10.781900123000071 52.453168965000032)",Unfall 22097 (2018) Kat:3, Licht: 1,22097,3,2,4,10,18,4,0,1,0,1,0,0,0,0
"POINT (10.767812268000057 52.427190475000032)",Unfall 22315 (2018) Kat:3, Licht: 0,22315,3,3,5,10,16,3,0,0,0,1,0,1,0,0
"POINT (10.794877493000058 52.439698926000062)",Unfall 22317 (2018) Kat:3, Licht: 0,22317,3,1,8,10,09,1,0,0,0,1,0,0,0,0
"POINT (10.816823754000040 52.481216895000045)",Unfall 22324 (2018) Kat:3, Licht: 0,22324,3,6,2,10,09,4,0,0,0,1,0,1,0,0
"POINT (10.723513594000053 52.371105592000049)",Unfall 22344 (2018) Kat:3, Licht: 0,22344,3,6,2,10,13,3,0,0,0,1,0,0,0,0
"POINT (10.831438602000048 52.452146563000042)",Unfall 22449 (2018) Kat:3, Licht: 0,22449,3,6,2,10,13,2,0,0,0,1,0,0,0,0
"POINT (10.660331745000065 52.401212629000042)",Unfall 22514 (2018) Kat:2, Licht: 0,22514,2,2,5,10,15,6,0,0,0,1,0,0,1,0
"POINT (10.824311046000048 52.439548857000034)",Unfall 22565 (2018) Kat:3, Licht: 2,22565,3,6,2,10,19,3,0,2,0,1,0,1,0,0
"POINT (10.811999943000046 52.415811411000050)",Unfall 22567 (2018) Kat:3, Licht: 0,22567,3,6,4,10,16,1,0,0,1,0,0,0,0,0
"POINT (10.837111991000029 52.332998899000074)",Unfall 22575 (2018) Kat:3, Licht: 0,22575,3,6,2,10,13,4,0,0,0,1,0,0,0,1
"POINT (10.735938534000070 52.388184398000078)",Unfall 22609 (2018) Kat:3, Licht: 2,22609,3,6,2,10,06,4,0,2,0,1,0,0,0,0
"POINT (10.851739374000033 52.465243749000081)",Unfall 22654 (2018) Kat:3, Licht: 0,22654,3,2,4,10,15,7,0,0,0,1,0,0,0,0
"POINT (10.758111893000034 52.359685348000028)",Unfall 22702 (2018) Kat:3, Licht: 0,22702,3,2,5,10,07,4,0,0,0,1,0,1,0,0
"POINT (10.779019230000074 52.452171904000068)",Unfall 22966 (2018) Kat:3, Licht: 2,22966,3,3,5,10,21,6,1,2,0,1,0,0,0,0
"POINT (10.847710944000028 52.425282412000058)",Unfall 23012 (2018) Kat:3, Licht: 2,23012,3,6,2,10,19,1,0,2,0,1,0,0,0,0
"POINT (10.746123033000060 52.369231898000066)",Unfall 23739 (2018) Kat:3, Licht: 0,23739,3,3,5,11,14,3,0,0,0,1,0,0,1,0
"POINT (10.781900123000071 52.453168965000032)",Unfall 23766 (2018) Kat:2, Licht: 0,23766,2,3,5,11,14,6,0,0,0,1,0,0,0,0
"POINT (10.835524211000063 52.402511854000068)",Unfall 23992 (2018) Kat:3, Licht: 0,23992,3,3,5,11,14,4,0,0,0,1,0,0,0,0
"POINT (10.737273104000053 52.420631686000036)",Unfall 24330 (2018) Kat:3, Licht: 2,24330,3,6,2,11,17,2,1,2,0,1,0,0,1,0
"POINT (10.731454107000047 52.422754949000080)",Unfall 24335 (2018) Kat:3, Licht: 2,24335,3,6,2,11,16,4,0,2,0,1,0,0,0,0
"POINT (10.831251146000056 52.452246757000069)",Unfall 25503 (2018) Kat:3, Licht: 0,25503,3,2,4,12,13,7,0,0,0,1,0,0,0,0
"POINT (10.825048060000029 52.439405993000037)",Unfall 25570 (2018) Kat:3, Licht: 2,25570,3,2,5,12,17,6,0,2,1,1,0,0,0,0
"POINT (10.737827938000066 52.368897401000027)",Unfall 25751 (2018) Kat:3, Licht: 0,25751,3,7,8,12,15,4,1,0,0,0,0,0,1,0
"POINT (10.794531675000030 52.439732850000041)",Unfall 25869 (2018) Kat:3, Licht: 2,25869,3,1,9,12,04,5,1,2,0,1,0,0,0,0
"POINT (10.781848462000028 52.464848446000076)",Unfall 26413 (2018) Kat:2, Licht: 0,26413,2,1,9,12,12,5,0,0,0,1,0,0,0,0
"POINT (10.838129309000067 52.398306145000049)",Unfall 26414 (2018) Kat:3, Licht: 0,26414,3,6,4,12,08,5,0,0,0,0,0,0,0,1
"POINT (10.739385531000039 52.405855692000046)",Unfall 128949 (2018) Kat:3, Licht: 0,128949,3,1,9,01,08,1,0,0,0,1,0,0,0,0
"POINT (10.844188239000061 52.393590530000040)",Unfall 129052 (2018) Kat:3, Licht: 2,129052,3,1,8,01,05,5,1,2,0,1,0,0,0,0
"POINT (10.788791148000030 52.425073689000044)",Unfall 129055 (2018) Kat:3, Licht: 0,129055,3,6,2,01,12,5,0,0,0,1,0,0,0,0
"POINT (10.841553521000037 52.415547959000037)",Unfall 129071 (2018) Kat:3, Licht: 0,129071,3,5,1,01,08,4,0,0,1,1,0,0,0,0
"POINT (10.754519226000070 52.395172817000059)",Unfall 129142 (2018) Kat:3, Licht: 0,129142,3,3,5,01,08,2,1,0,0,1,0,0,0,0
"POINT (10.714737083000045 52.435369494000042)",Unfall 129189 (2018) Kat:3, Licht: 0,129189,3,3,5,01,11,4,0,0,0,1,0,0,0,0
"POINT (10.783529839000039 52.416726931000028)",Unfall 129306 (2018) Kat:3, Licht: 0,129306,3,1,8,01,12,6,1,0,0,1,0,0,0,0
"POINT (10.690669817000071 52.395471490000034)",Unfall 129316 (2018) Kat:3, Licht: 2,129316,3,3,5,01,17,2,1,2,0,1,0,0,0,0
"POINT (10.792397878000031 52.427661086000057)",Unfall 129350 (2018) Kat:3, Licht: 2,129350,3,3,5,01,02,1,0,2,0,1,0,0,0,0
"POINT (10.739142815000037 52.396912859000054)",Unfall 129414 (2018) Kat:3, Licht: 1,129414,3,4,6,01,08,3,1,1,0,1,1,0,0,0
"POINT (10.761145270000043 52.420274494000068)",Unfall 129453 (2018) Kat:3, Licht: 1,129453,3,4,6,01,18,2,1,1,0,1,1,0,0,0
"POINT (10.783529839000039 52.416726931000028)",Unfall 129458 (2018) Kat:3, Licht: 2,129458,3,1,0,01,06,7,2,2,0,0,0,0,0,1
"POINT (10.796236486000055 52.424208743000065)",Unfall 129527 (2018) Kat:3, Licht: 2,129527,3,3,5,01,22,5,1,2,1,1,0,0,0,0
"POINT (10.777282128000024 52.446789853000041)",Unfall 129609 (2018) Kat:3, Licht: 2,129609,3,3,5,02,07,5,0,2,1,1,0,0,0,0
"POINT (10.788096203000066 52.423049366000043)",Unfall 129626 (2018) Kat:3, Licht: 0,129626,3,6,6,01,10,2,0,0,0,0,1,0,0,1
"POINT (10.783462132000068 52.442203073000030)",Unfall 129667 (2018) Kat:3, Licht: 2,129667,3,3,5,01,06,6,1,2,1,1,0,0,0,0
"POINT (10.759871080000039 52.420153250000055)",Unfall 129715 (2018) Kat:2, Licht: 2,129715,2,4,6,01,17,3,0,2,0,1,1,0,0,0
"POINT (10.754661153000029 52.395240126000033)",Unfall 129716 (2018) Kat:3, Licht: 2,129716,3,3,5,01,19,3,1,2,0,1,0,0,0,0
"POINT (10.755507161000025 52.419699270000081)",Unfall 129719 (2018) Kat:3, Licht: 1,129719,3,6,2,02,16,5,1,1,0,1,0,0,0,0
"POINT (10.800871721000021 52.418848866000076)",Unfall 129814 (2018) Kat:3, Licht: 0,129814,3,3,5,02,11,3,0,0,1,1,0,0,0,0
"POINT (10.718011194000042 52.393702572000052)",Unfall 129817 (2018) Kat:3, Licht: 0,129817,3,2,2,02,16,5,0,0,0,1,0,0,0,0
"POINT (10.791317743000036 52.427892274000044)",Unfall 129944 (2018) Kat:3, Licht: 0,129944,3,6,3,02,09,2,0,0,1,1,0,0,0,0
"POINT (10.781882237000048 52.426826146000053)",Unfall 130002 (2018) Kat:3, Licht: 2,130002,3,3,5,02,19,6,1,2,0,1,0,0,0,0
"POINT (10.800907005000056 52.448693890000072)",Unfall 130021 (2018) Kat:3, Licht: 0,130021,3,3,5,02,15,2,0,0,0,1,0,0,0,0
"POINT (10.743448924000063 52.408252395000034)",Unfall 130050 (2018) Kat:3, Licht: 0,130050,3,3,5,02,07,1,0,0,0,1,0,0,0,0
"POINT (10.688823706000051 52.414327221000065)",Unfall 130121 (2018) Kat:3, Licht: 0,130121,3,2,4,02,08,2,1,0,1,1,0,0,0,0
"POINT (10.774997456000051 52.421791215000042)",Unfall 130211 (2018) Kat:3, Licht: 0,130211,3,6,2,02,08,4,1,0,0,1,0,0,0,0
"POINT (10.771859852000034 52.407926393000082)",Unfall 130249 (2018) Kat:3, Licht: 2,130249,3,5,1,02,22,7,0,2,1,1,0,0,0,0
"POINT (10.847667029000036 52.421753357000057)",Unfall 130289 (2018) Kat:3, Licht: 0,130289,3,6,2,03,17,6,0,0,0,1,0,0,0,0
"POINT (10.797875840000074 52.436931890000039)",Unfall 130339 (2018) Kat:3, Licht: 0,130339,3,3,5,03,14,2,0,0,1,1,0,0,0,0
"POINT (10.801281213000038 52.446897154000055)",Unfall 130355 (2018) Kat:3, Licht: 1,130355,3,6,2,03,19,1,0,1,0,1,0,0,0,0
"POINT (10.791319958000031 52.424877597000034)",Unfall 130368 (2018) Kat:3, Licht: 0,130368,3,2,2,03,09,2,1,0,0,1,0,0,0,1
"POINT (10.754580202000056 52.395239733000039)",Unfall 130411 (2018) Kat:3, Licht: 0,130411,3,3,5,03,11,5,0,0,0,1,0,0,0,0
"POINT (10.835941807000040 52.438252833000035)",Unfall 130419 (2018) Kat:3, Licht: 0,130419,3,6,2,03,12,6,2,0,1,0,0,0,0,1
"POINT (10.729201582000030 52.422626029000071)",Unfall 130427 (2018) Kat:3, Licht: 2,130427,3,3,5,03,06,7,1,2,0,1,0,0,0,0
"POINT (10.794969787000070 52.424353134000057)",Unfall 130456 (2018) Kat:3, Licht: 0,130456,3,3,5,03,16,5,0,0,0,1,0,0,0,0
"POINT (10.801277427000059 52.415617733000033)",Unfall 130524 (2018) Kat:3, Licht: 0,130524,3,1,4,02,15,3,2,0,0,1,0,0,0,0
"POINT (10.803365994000046 52.451656927000045)",Unfall 130603 (2018) Kat:3, Licht: 0,130603,3,5,1,03,14,6,0,0,1,1,0,0,0,0
"POINT (10.756695583000067 52.419929018000062)",Unfall 130618 (2018) Kat:3, Licht: 0,130618,3,6,2,03,16,5,0,0,0,1,0,0,0,0
"POINT (10.722373796000056 52.420509272000061)",Unfall 130640 (2018) Kat:3, Licht: 0,130640,3,2,5,03,17,6,1,0,0,1,0,0,0,0
"POINT (10.754197726000029 52.424554592000050)",Unfall 130676 (2018) Kat:3, Licht: 0,130676,3,6,2,03,17,3,0,0,0,1,0,0,0,0
"POINT (10.715070932000060 52.433090391000064)",Unfall 130687 (2018) Kat:3, Licht: 2,130687,3,6,2,03,21,5,0,2,1,1,0,0,0,0
"POINT (10.781264876000023 52.420162189000052)",Unfall 130730 (2018) Kat:3, Licht: 0,130730,3,7,6,03,16,4,0,0,0,1,1,0,0,0
"POINT (10.752258605000065 52.418631924000067)",Unfall 130731 (2018) Kat:3, Licht: 0,130731,3,4,6,03,16,4,0,0,0,1,1,0,0,0
"POINT (10.747571446000052 52.400026192000041)",Unfall 130764 (2018) Kat:3, Licht: 0,130764,3,6,3,03,12,6,0,0,0,1,0,0,0,0
"POINT (10.844553215000076 52.436940180000079)",Unfall 130769 (2018) Kat:3, Licht: 0,130769,3,2,4,03,17,3,0,0,1,1,0,0,0,0
"POINT (10.786125791000075 52.418250846000035)",Unfall 130770 (2018) Kat:2, Licht: 0,130770,2,7,6,03,15,3,1,0,0,1,1,0,0,0
"POINT (10.815964122000025 52.427010341000027)",Unfall 130783 (2018) Kat:2, Licht: 0,130783,2,3,5,04,18,5,0,0,0,1,0,0,0,0
"POINT (10.753809523000029 52.419223137000074)",Unfall 130784 (2018) Kat:3, Licht: 0,130784,3,2,5,04,16,5,0,0,1,1,0,0,0,0
"POINT (10.786432714000057 52.427809877000072)",Unfall 130838 (2018) Kat:3, Licht: 0,130838,3,6,2,04,15,4,0,0,0,1,0,0,0,0
"POINT (10.750490284000023 52.410995423000031)",Unfall 130840 (2018) Kat:3, Licht: 0,130840,3,3,5,04,07,4,0,0,1,1,0,0,0,0
"POINT (10.776140991000034 52.423671529000046)",Unfall 130917 (2018) Kat:3, Licht: 0,130917,3,2,5,03,10,7,1,0,1,1,0,0,0,0
"POINT (10.749520892000021 52.413277289000064)",Unfall 130926 (2018) Kat:3, Licht: 2,130926,3,2,4,04,20,1,0,2,0,1,0,1,0,0
"POINT (10.790583275000074 52.421672479000051)",Unfall 131042 (2018) Kat:3, Licht: 0,131042,3,6,6,04,09,5,0,0,0,1,1,0,0,0
"POINT (10.775958721000052 52.423564185000032)",Unfall 131047 (2018) Kat:3, Licht: 0,131047,3,2,4,04,17,6,1,0,0,1,0,0,0,0
"POINT (10.785352311000054 52.416726511000036)",Unfall 131101 (2018) Kat:3, Licht: 0,131101,3,6,2,04,14,3,0,0,0,1,0,0,0,0
"POINT (10.780425004000051 52.422567042000026)",Unfall 131122 (2018) Kat:3, Licht: 0,131122,3,6,2,04,09,2,0,0,0,1,0,0,0,0
"POINT (10.761917609000022 52.420434508000028)",Unfall 131161 (2018) Kat:3, Licht: 0,131161,3,6,2,04,16,4,0,0,0,1,0,0,0,0
"POINT (10.784585308000032 52.428052221000030)",Unfall 131162 (2018) Kat:3, Licht: 1,131162,3,6,2,04,06,4,0,1,0,1,0,0,0,0
"POINT (10.762682692000055 52.424149235000073)",Unfall 131261 (2018) Kat:2, Licht: 0,131261,2,1,9,04,16,3,0,0,0,1,1,0,0,0
"POINT (10.773843739000029 52.409031658000060)",Unfall 131333 (2018) Kat:3, Licht: 0,131333,3,5,1,04,11,3,0,0,0,1,0,0,0,0
"POINT (10.755021636000038 52.393049333000079)",Unfall 131349 (2018) Kat:3, Licht: 0,131349,3,2,4,04,12,5,0,0,0,1,0,0,0,0
"POINT (10.781910816000050 52.453136971000049)",Unfall 131355 (2018) Kat:3, Licht: 0,131355,3,2,4,04,08,5,0,0,0,1,0,0,0,0
"POINT (10.710066202000064 52.417963707000069)",Unfall 131468 (2018) Kat:3, Licht: 0,131468,3,4,6,04,09,6,0,0,0,1,1,0,0,0
"POINT (10.805401541000037 52.427282701000081)",Unfall 131517 (2018) Kat:3, Licht: 0,131517,3,3,5,04,10,4,0,0,1,1,0,0,0,0
"POINT (10.784059321000029 52.425124595000057)",Unfall 131719 (2018) Kat:3, Licht: 2,131719,3,3,5,04,21,6,0,2,0,1,0,0,0,0
"POINT (10.791590302000031 52.420416585000055)",Unfall 131893 (2018) Kat:3, Licht: 0,131893,3,7,1,05,16,3,0,0,0,1,0,0,0,0
"POINT (10.788524116000076 52.425090725000075)",Unfall 131909 (2018) Kat:3, Licht: 0,131909,3,6,3,05,08,4,0,0,1,1,0,0,0,0
"POINT (10.734644695000043 52.413581907000037)",Unfall 131913 (2018) Kat:3, Licht: 0,131913,3,1,8,05,10,2,0,0,0,1,0,0,0,0
"POINT (10.727143529000045 52.415060486000073)",Unfall 131919 (2018) Kat:3, Licht: 0,131919,3,2,5,05,08,2,0,0,1,1,0,0,0,0
"POINT (10.760894744000041 52.420240152000076)",Unfall 131921 (2018) Kat:3, Licht: 0,131921,3,6,2,05,15,2,0,0,0,1,0,0,0,0
"POINT (10.840526436000061 52.438102693000076)",Unfall 132134 (2018) Kat:3, Licht: 0,132134,3,6,2,05,13,7,0,0,0,1,0,0,0,0
"POINT (10.736236788000042 52.402252241000042)",Unfall 132158 (2018) Kat:3, Licht: 0,132158,3,7,1,05,15,1,0,0,0,1,0,0,0,0
"POINT (10.726521394000031 52.394457833000047)",Unfall 132203 (2018) Kat:3, Licht: 0,132203,3,3,0,05,13,4,0,0,1,1,0,0,0,0
"POINT (10.801030046000051 52.419001386000048)",Unfall 132204 (2018) Kat:3, Licht: 0,132204,3,6,2,05,07,4,1,0,0,1,0,0,0,0
"POINT (10.813115204000042 52.423894308000058)",Unfall 132372 (2018) Kat:3, Licht: 0,132372,3,5,0,05,15,5,0,0,0,1,0,0,0,0
"POINT (10.792003130000069 52.423326004000046)",Unfall 132380 (2018) Kat:3, Licht: 0,132380,3,7,5,05,13,2,0,0,1,1,0,0,0,0
"POINT (10.779933359000040 52.408819390000076)",Unfall 132439 (2018) Kat:3, Licht: 0,132439,3,3,5,05,12,6,0,0,1,1,0,0,0,0
"POINT (10.762836557000071 52.428390772000057)",Unfall 132510 (2018) Kat:3, Licht: 0,132510,3,3,5,05,12,2,0,0,0,1,0,0,0,0
"POINT (10.813002452000035 52.430077347000065)",Unfall 132531 (2018) Kat:2, Licht: 0,132531,2,3,5,05,18,1,0,0,1,0,0,0,0,0
"POINT (10.859039104000033 52.345886599000039)",Unfall 132602 (2018) Kat:2, Licht: 0,132602,2,6,4,05,19,4,0,0,0,0,0,1,1,0
"POINT (10.735601859000042 52.402088742000046)",Unfall 132707 (2018) Kat:3, Licht: 0,132707,3,5,1,06,20,6,0,0,0,1,0,0,0,0
"POINT (10.785960178000039 52.418027047000066)",Unfall 132714 (2018) Kat:2, Licht: 0,132714,2,3,5,05,18,5,0,0,1,1,0,0,0,0
"POINT (10.770965421000028 52.424808946000041)",Unfall 132756 (2018) Kat:2, Licht: 0,132756,2,3,0,06,15,6,0,0,1,1,0,0,0,0
"POINT (10.795959148000065 52.427788653000050)",Unfall 132866 (2018) Kat:3, Licht: 0,132866,3,1,0,06,14,6,0,0,0,0,0,0,0,1
"POINT (10.719761312000060 52.411215843000036)",Unfall 132893 (2018) Kat:3, Licht: 0,132893,3,1,0,05,16,4,0,0,0,1,0,0,0,0
"POINT (10.773947738000061 52.420416445000058)",Unfall 132925 (2018) Kat:3, Licht: 0,132925,3,3,5,06,19,2,0,0,1,0,0,1,0,0
"POINT (10.841714073000048 52.426601309000034)",Unfall 133078 (2018) Kat:3, Licht: 0,133078,3,2,3,06,12,1,0,0,1,1,0,0,0,0
"POINT (10.730107948000068 52.424928877000070)",Unfall 133198 (2018) Kat:2, Licht: 2,133198,2,1,0,06,01,3,0,2,1,0,0,0,0,0
"POINT (10.756712726000046 52.396331081000028)",Unfall 133398 (2018) Kat:3, Licht: 0,133398,3,3,5,06,12,4,0,0,1,1,0,0,0,0
"POINT (10.774920845000054 52.423771316000057)",Unfall 133409 (2018) Kat:3, Licht: 0,133409,3,5,0,06,18,5,0,0,0,1,0,1,0,0
"POINT (10.779416897000033 52.426979190000054)",Unfall 133447 (2018) Kat:3, Licht: 0,133447,3,7,3,06,11,4,0,0,0,1,0,0,0,0
"POINT (10.847650641000030 52.421754388000068)",Unfall 133557 (2018) Kat:3, Licht: 0,133557,3,2,2,06,18,6,0,0,0,1,0,0,0,0
"POINT (10.750633386000061 52.423495052000078)",Unfall 133559 (2018) Kat:3, Licht: 0,133559,3,6,4,06,12,6,0,0,1,0,0,0,0,0
"POINT (10.738611549000041 52.397917517000053)",Unfall 133560 (2018) Kat:3, Licht: 0,133560,3,3,0,06,13,6,0,0,0,1,0,0,0,0
"POINT (10.787822393000056 52.425126508000062)",Unfall 133688 (2018) Kat:3, Licht: 0,133688,3,6,2,06,14,4,0,0,0,1,0,0,0,0
"POINT (10.796734291000064 52.448617823000063)",Unfall 133752 (2018) Kat:3, Licht: 0,133752,3,3,5,06,12,7,0,0,0,1,0,0,0,0
"POINT (10.776103454000065 52.423599588000059)",Unfall 133783 (2018) Kat:3, Licht: 0,133783,3,3,5,07,16,2,0,0,0,1,0,0,0,0
"POINT (10.762109133000024 52.420472612000026)",Unfall 133896 (2018) Kat:3, Licht: 0,133896,3,6,2,07,16,2,0,0,0,1,0,0,0,0
"POINT (10.778722359000028 52.419815987000050)",Unfall 133911 (2018) Kat:3, Licht: 0,133911,3,2,5,07,20,3,0,0,0,1,0,0,0,0
"POINT (10.776112146000060 52.423574725000037)",Unfall 133915 (2018) Kat:3, Licht: 0,133915,3,3,5,07,19,3,0,0,0,1,0,0,0,0
"POINT (10.744084102000045 52.398597714000061)",Unfall 133954 (2018) Kat:3, Licht: 0,133954,3,6,4,07,17,5,0,0,1,0,0,1,0,0
"POINT (10.794029180000052 52.416311981000035)",Unfall 133992 (2018) Kat:3, Licht: 0,133992,3,3,5,07,19,1,0,0,1,1,0,0,0,0
"POINT (10.767797530000053 52.410294224000040)",Unfall 134050 (2018) Kat:3, Licht: 0,134050,3,2,0,07,15,2,0,0,0,0,0,1,0,0
"POINT (10.727116841000054 52.415019000000029)",Unfall 134057 (2018) Kat:3, Licht: 0,134057,3,6,2,07,18,5,1,0,0,1,0,1,0,0
"POINT (10.774936078000053 52.422155997000061)",Unfall 134073 (2018) Kat:3, Licht: 0,134073,3,3,0,07,08,5,1,0,1,1,0,0,0,0
"POINT (10.807513137000058 52.422451777000049)",Unfall 134120 (2018) Kat:3, Licht: 0,134120,3,7,0,07,12,1,0,0,0,1,0,0,0,0
"POINT (10.793818955000063 52.427847153000073)",Unfall 134207 (2018) Kat:3, Licht: 0,134207,3,5,1,07,10,7,0,0,0,1,0,0,0,1
"POINT (10.742715056000065 52.399633866000045)",Unfall 134283 (2018) Kat:3, Licht: 0,134283,3,6,2,07,08,5,0,0,0,1,0,0,0,0
"POINT (10.735254499000064 52.413422158000060)",Unfall 134287 (2018) Kat:3, Licht: 0,134287,3,6,2,07,15,3,0,0,0,1,0,0,0,0
"POINT (10.717714748000049 52.420822143000066)",Unfall 134379 (2018) Kat:3, Licht: 0,134379,3,2,2,07,09,4,0,0,0,1,0,1,0,0
"POINT (10.780788732000076 52.410814741000081)",Unfall 134391 (2018) Kat:3, Licht: 1,134391,3,2,3,07,05,5,0,1,0,1,0,0,0,0
"POINT (10.829481701000077 52.426354129000060)",Unfall 134454 (2018) Kat:3, Licht: 0,134454,3,6,2,07,19,3,0,0,0,1,0,0,0,0
"POINT (10.785740440000041 52.417740687000048)",Unfall 134455 (2018) Kat:3, Licht: 0,134455,3,7,0,07,18,2,0,0,0,1,0,1,0,0
"POINT (10.837626098000044 52.438897244000032)",Unfall 134542 (2018) Kat:3, Licht: 0,134542,3,3,5,07,12,2,0,0,1,1,0,0,0,0