WKT,Name,OBJECTID,UKATEGORIE,UTYP1,UART,UMONAT,USTUNDE,UWOCHENTAG,STRZUSTAND,ULICHTVERH,ISTRAD,ISTPKW,ISTFUSS,ISTKRAD,ISTGKFZ,ISTSONSTIG
"POINT (10.854715024000029 52.432092586000067)",Unfall 229808 (2019) Kat:3, Licht: 1,229808,3,3,5,01,16,7,1,1,0,1,0,0,0,0
"POINT (10.742553979000036 52.397178771000029)",Unfall 229833 (2019) Kat:3, Licht: 0,229833,3,4,6,01,13,6,1,0,0,1,1,0,0,0
"POINT (10.755435825000063 52.399782114000061)",Unfall 229944 (2019) Kat:3, Licht: 0,229944,3,7,0,02,11,4,0,0,0,1,0,0,0,0
"POINT (10.782263188000059 52.413064937000058)",Unfall 230026 (2019) Kat:3, Licht: 0,230026,3,3,5,02,14,7,1,0,0,1,0,0,0,0
"POINT (10.688830825000025 52.414322160000040)",Unfall 230078 (2019) Kat:3, Licht: 2,230078,3,3,5,02,18,5,0,2,1,1,0,0,0,0
"POINT (10.851026800000056 52.425496558000077)",Unfall 230079 (2019) Kat:3, Licht: 0,230079,3,6,3,02,15,5,0,0,0,0,0,1,1,0
"POINT (10.855764953000062 52.416165283000055)",Unfall 230105 (2019) Kat:3, Licht: 0,230105,3,1,6,02,14,5,0,0,0,1,1,0,0,0
"POINT (10.770319774000029 52.472573816000079)",Unfall 230142 (2019) Kat:3, Licht: 0,230142,3,3,5,02,13,4,0,0,1,0,0,0,0,1
"POINT (10.722285552000073 52.420515179000063)",Unfall 230179 (2019) Kat:3, Licht: 0,230179,3,6,2,02,10,3,0,0,0,1,0,0,0,0
"POINT (10.783993049000060 52.420434651000051)",Unfall 230240 (2019) Kat:3, Licht: 0,230240,3,6,2,03,17,6,0,0,0,1,0,0,0,0
"POINT (10.843193522000036 52.426341124000032)",Unfall 230266 (2019) Kat:3, Licht: 0,230266,3,6,2,02,08,6,1,0,0,1,0,0,1,0
"POINT (10.785671985000022 52.412429090000046)",Unfall 230291 (2019) Kat:3, Licht: 2,230291,3,2,4,02,18,5,1,2,1,1,0,0,0,0
"POINT (10.789702530000056 52.425785670000039)",Unfall 230404 (2019) Kat:3, Licht: 1,230404,3,5,1,03,17,1,1,1,0,1,0,0,0,1
"POINT (10.778423823000026 52.426871796000057)",Unfall 230426 (2019) Kat:2, Licht: 0,230426,2,4,6,03,14,7,0,0,0,1,1,0,0,0
"POINT (10.790130600000055 52.427907277000031)",Unfall 230494 (2019) Kat:2, Licht: 0,230494,2,3,5,03,16,5,0,0,0,1,0,0,0,0
"POINT (10.744717453000021 52.406683089000069)",Unfall 230500 (2019) Kat:3, Licht: 0,230500,3,3,5,03,13,3,0,0,1,1,0,0,0,0
"POINT (10.708093583000050 52.420975144000067)",Unfall 230570 (2019) Kat:3, Licht: 2,230570,3,2,5,03,18,3,1,2,0,1,0,1,0,0
"POINT (10.734768035000059 52.413558208000040)",Unfall 230571 (2019) Kat:3, Licht: 0,230571,3,2,5,03,08,3,0,0,0,1,0,0,0,0
"POINT (10.687065774000075 52.413770893000049)",Unfall 230719 (2019) Kat:3, Licht: 0,230719,3,2,5,03,07,4,0,0,0,1,0,0,0,0
"POINT (10.755022160000067 52.393005545000051)",Unfall 230720 (2019) Kat:3, Licht: 0,230720,3,2,4,03,07,4,0,0,0,1,0,0,0,0
"POINT (10.850251849000074 52.432372615000077)",Unfall 230795 (2019) Kat:3, Licht: 0,230795,3,6,6,03,09,2,0,0,0,0,1,0,0,1
"POINT (10.748951292000072 52.426861201000065)",Unfall 230796 (2019) Kat:3, Licht: 2,230796,3,1,9,03,21,2,1,2,0,0,0,1,0,0
"POINT (10.782335092000039 52.413050324000039)",Unfall 230846 (2019) Kat:3, Licht: 0,230846,3,3,5,03,15,6,0,0,1,1,0,0,0,0
"POINT (10.684097051000037 52.415671636000070)",Unfall 230882 (2019) Kat:3, Licht: 0,230882,3,3,5,03,12,5,1,0,0,1,0,0,0,1
"POINT (10.862584239000057 52.422934930000054)",Unfall 230883 (2019) Kat:3, Licht: 0,230883,3,3,0,03,13,5,1,0,0,1,0,0,0,0
"POINT (10.792635393000069 52.423207986000079)",Unfall 230908 (2019) Kat:3, Licht: 0,230908,3,2,6,03,14,4,0,0,0,1,1,0,0,0
"POINT (10.780190110000035 52.408715823000080)",Unfall 230968 (2019) Kat:3, Licht: 1,230968,3,2,5,04,20,2,0,1,0,1,0,0,0,1
"POINT (10.805958854000039 52.444316427000047)",Unfall 231020 (2019) Kat:3, Licht: 2,231020,3,7,2,03,21,7,0,2,0,1,0,1,0,0
"POINT (10.774320390000071 52.420791268000073)",Unfall 231064 (2019) Kat:3, Licht: 0,231064,3,3,5,03,16,6,0,0,1,1,0,0,0,0
"POINT (10.805398610000054 52.427293335000059)",Unfall 231093 (2019) Kat:3, Licht: 0,231093,3,2,3,03,08,5,1,0,1,1,0,0,0,0
"POINT (10.720607797000071 52.417789171000038)",Unfall 231125 (2019) Kat:3, Licht: 0,231125,3,3,5,04,17,3,0,0,1,1,0,0,0,0
"POINT (10.839961681000034 52.445174965000035)",Unfall 231136 (2019) Kat:3, Licht: 0,231136,3,3,5,04,11,3,0,0,1,1,0,0,0,0
"POINT (10.783066854000026 52.422245908000036)",Unfall 231147 (2019) Kat:3, Licht: 0,231147,3,2,5,04,15,3,0,0,1,1,0,0,0,0
"POINT (10.779876510000065 52.419469794000065)",Unfall 231221 (2019) Kat:3, Licht: 0,231221,3,3,0,04,15,6,0,0,0,1,0,1,0,0
"POINT (10.743400485000052 52.408370760000082)",Unfall 231268 (2019) Kat:3, Licht: 0,231268,3,3,5,04,16,4,0,0,0,1,0,0,1,0
"POINT (10.781982903000028 52.453067529000066)",Unfall 231482 (2019) Kat:3, Licht: 0,231482,3,2,4,04,15,4,1,0,0,1,0,0,0,0
"POINT (10.830550131000052 52.395581189000040)",Unfall 231601 (2019) Kat:3, Licht: 0,231601,3,3,5,04,12,7,0,0,1,1,0,0,0,0
"POINT (10.728723018000039 52.401466114000073)",Unfall 231619 (2019) Kat:3, Licht: 0,231619,3,5,3,04,16,6,0,0,1,1,0,0,0,0
"POINT (10.807598481000070 52.440456135000034)",Unfall 231620 (2019) Kat:3, Licht: 0,231620,3,3,5,04,14,6,0,0,1,1,0,0,0,0
"POINT (10.803663583000059 52.422397882000041)",Unfall 231762 (2019) Kat:3, Licht: 0,231762,3,3,5,05,09,5,0,0,1,1,0,0,0,0
"POINT (10.729220263000059 52.422436356000048)",Unfall 231827 (2019) Kat:3, Licht: 0,231827,3,6,2,04,16,3,0,0,0,1,0,0,0,0
"POINT (10.842267179000032 52.426511168000047)",Unfall 231828 (2019) Kat:3, Licht: 0,231828,3,6,2,04,14,3,0,0,0,1,0,0,0,0
"POINT (10.853796001000035 52.462694241000065)",Unfall 231829 (2019) Kat:3, Licht: 0,231829,3,3,5,04,13,3,0,0,0,1,1,0,0,0
"POINT (10.862583213000050 52.422936032000052)",Unfall 231830 (2019) Kat:3, Licht: 0,231830,3,3,5,04,09,3,0,0,0,1,0,0,0,0
"POINT (10.850993448000054 52.459777656000028)",Unfall 231857 (2019) Kat:3, Licht: 1,231857,3,3,5,04,06,2,0,1,0,1,0,0,0,0
"POINT (10.802949646000059 52.427049072000045)",Unfall 231858 (2019) Kat:3, Licht: 0,231858,3,3,5,04,15,2,1,0,1,1,0,0,0,0
"POINT (10.792558604000021 52.423295458000041)",Unfall 231903 (2019) Kat:3, Licht: 0,231903,3,6,2,04,20,7,1,0,0,1,0,0,0,0
"POINT (10.721787317000064 52.419297668000070)",Unfall 231941 (2019) Kat:3, Licht: 0,231941,3,3,5,04,12,6,0,0,0,1,0,1,0,0
"POINT (10.802871001000028 52.427043525000045)",Unfall 231942 (2019) Kat:3, Licht: 0,231942,3,2,5,04,16,6,0,0,1,1,0,0,0,0
"POINT (10.789652894000028 52.416163343000051)",Unfall 231969 (2019) Kat:3, Licht: 0,231969,3,3,5,04,09,5,0,0,1,1,0,0,0,0
"POINT (10.753334197000072 52.393103578000080)",Unfall 232024 (2019) Kat:3, Licht: 0,232024,3,4,6,05,09,6,0,0,0,1,1,0,0,0
"POINT (10.776087958000062 52.428025134000052)",Unfall 232135 (2019) Kat:3, Licht: 1,232135,3,7,9,05,21,3,0,1,0,1,0,0,0,0
"POINT (10.797837475000051 52.435427856000047)",Unfall 232136 (2019) Kat:3, Licht: 0,232136,3,3,5,05,07,3,0,0,1,1,0,0,0,0
"POINT (10.849691532000065 52.396811211000056)",Unfall 232201 (2019) Kat:3, Licht: 0,232201,3,6,2,05,13,7,0,0,0,1,0,0,0,0
"POINT (10.790068388000066 52.426305008000043)",Unfall 232294 (2019) Kat:2, Licht: 0,232294,2,6,0,05,16,7,0,0,1,0,1,0,0,0
"POINT (10.811637483000027 52.422506149000071)",Unfall 232364 (2019) Kat:3, Licht: 0,232364,3,3,5,05,16,5,1,0,1,1,0,0,0,0
"POINT (10.848246590000031 52.425517851000052)",Unfall 232449 (2019) Kat:3, Licht: 0,232449,3,6,2,05,13,3,0,0,0,1,0,0,0,0
"POINT (10.727191482000023 52.415135031000034)",Unfall 232450 (2019) Kat:3, Licht: 0,232450,3,2,4,05,08,3,0,0,1,1,0,0,0,0
"POINT (10.816667164000023 52.427895276000072)",Unfall 232488 (2019) Kat:3, Licht: 0,232488,3,7,0,05,10,2,0,0,0,0,0,0,1,1
"POINT (10.794005548000030 52.427825306000045)",Unfall 232609 (2019) Kat:3, Licht: 0,232609,3,6,3,05,17,7,0,0,0,0,0,0,0,1
"POINT (10.787578411000027 52.417962371000044)",Unfall 232699 (2019) Kat:3, Licht: 0,232699,3,2,0,05,10,5,0,0,0,1,0,0,0,0
"POINT (10.807203005000076 52.441387741000028)",Unfall 232732 (2019) Kat:3, Licht: 0,232732,3,3,5,05,07,4,0,0,0,1,0,0,0,0
"POINT (10.753688050000051 52.420548802000042)",Unfall 232767 (2019) Kat:3, Licht: 0,232767,3,3,0,05,15,3,0,0,1,1,0,0,0,0
"POINT (10.747548402000064 52.391559342000050)",Unfall 233034 (2019) Kat:3, Licht: 0,233034,3,7,6,05,14,4,0,0,0,0,1,0,0,1
"POINT (10.783380579000038 52.425126926000075)",Unfall 233035 (2019) Kat:3, Licht: 0,233035,3,5,1,05,12,4,0,0,0,1,0,1,0,0
"POINT (10.819460222000032 52.481380371000057)",Unfall 58986 (2020) Kat:3, Licht: 2,58986,3,3,5,01,02,7,1,2,0,1,0,0,0,0
"POINT (10.833057753000048 52.454446371000074)",Unfall 59059 (2020) Kat:3, Licht: 0,59059,3,3,5,01,09,5,1,0,0,1,0,1,0,0
"POINT (10.769811552000021 52.449121056000081)",Unfall 59088 (2020) Kat:3, Licht: 0,59088,3,1,9,01,13,4,1,0,0,1,0,0,0,0
"POINT (10.737543412000036 52.432087362000061)",Unfall 59447 (2020) Kat:2, Licht: 0,59447,2,6,2,01,15,2,0,0,0,1,0,0,0,0
"POINT (10.727318954000054 52.357507670000075)",Unfall 59687 (2020) Kat:3, Licht: 0,59687,3,1,8,01,13,2,1,0,0,1,0,0,0,0
"POINT (10.828917659000069 52.449725859000068)",Unfall 59826 (2020) Kat:3, Licht: 1,59826,3,6,2,01,16,4,0,1,0,1,0,0,0,1
"POINT (10.737350338000056 52.390588814000068)",Unfall 59962 (2020) Kat:3, Licht: 1,59962,3,6,2,01,08,4,0,1,0,1,0,0,0,0
"POINT (10.786581009000031 52.427973022000060)",Unfall 60000 (2020) Kat:3, Licht: 0,60000,3,2,4,01,14,3,1,0,1,1,0,0,0,0
"POINT (10.792367801000069 52.443351873000040)",Unfall 60073 (2020) Kat:3, Licht: 0,60073,3,6,2,01,15,2,0,0,0,1,0,0,0,0
"POINT (10.775296752000031 52.428043060000050)",Unfall 60079 (2020) Kat:3, Licht: 2,60079,3,6,2,01,06,3,1,2,0,1,0,0,0,0
"POINT (10.735933105000072 52.431138657000076)",Unfall 60103 (2020) Kat:2, Licht: 2,60103,2,6,3,01,07,4,0,2,0,1,0,0,1,0
"POINT (10.723620824000022 52.368924373000027)",Unfall 60175 (2020) Kat:3, Licht: 0,60175,3,6,2,01,13,5,0,0,0,1,0,0,0,0
"POINT (10.714715617000024 52.435516685000039)",Unfall 60235 (2020) Kat:3, Licht: 1,60235,3,6,2,01,07,2,1,1,0,1,0,0,0,0
"POINT (10.799174413000060 52.436729723000042)",Unfall 60241 (2020) Kat:3, Licht: 2,60241,3,6,2,01,07,3,1,2,0,1,0,0,0,0
"POINT (10.735615362000033 52.430588188000058)",Unfall 60323 (2020) Kat:3, Licht: 0,60323,3,6,2,01,15,6,0,0,0,1,0,0,0,0
"POINT (10.799191612000072 52.429728043000068)",Unfall 60628 (2020) Kat:3, Licht: 0,60628,3,6,2,02,10,7,1,0,0,1,0,0,0,0
"POINT (10.781322279000051 52.428009022000026)",Unfall 60767 (2020) Kat:3, Licht: 2,60767,3,6,3,02,17,6,0,2,0,0,0,1,0,1
"POINT (10.723139793000030 52.421711149000032)",Unfall 60792 (2020) Kat:3, Licht: 0,60792,3,7,3,02,14,5,0,0,0,1,0,0,0,0
"POINT (10.825452941000037 52.444802951000042)",Unfall 60925 (2020) Kat:3, Licht: 1,60925,3,2,5,02,07,3,1,1,0,1,0,0,0,0
"POINT (10.824588085000073 52.439499103000060)",Unfall 61045 (2020) Kat:3, Licht: 0,61045,3,6,2,02,14,3,0,0,0,1,0,0,1,0
"POINT (10.746574937000048 52.460981111000081)",Unfall 61110 (2020) Kat:3, Licht: 2,61110,3,6,2,02,22,6,1,2,0,1,0,0,0,0
"POINT (10.823603003000073 52.459012210000026)",Unfall 61493 (2020) Kat:3, Licht: 0,61493,3,1,8,03,08,3,1,0,0,0,0,0,1,0
"POINT (10.753160685000068 52.399945188000061)",Unfall 61560 (2020) Kat:3, Licht: 1,61560,3,6,3,03,16,4,0,1,0,1,0,0,0,0
"POINT (10.791056655000034 52.444736060000082)",Unfall 61663 (2020) Kat:3, Licht: 2,61663,3,6,2,02,06,5,1,2,0,1,0,0,0,0
"POINT (10.735919356000068 52.422737894000079)",Unfall 61703 (2020) Kat:3, Licht: 2,61703,3,6,2,03,18,3,0,2,0,1,0,0,0,0
"POINT (10.738307662000068 52.424129539000035)",Unfall 61817 (2020) Kat:3, Licht: 0,61817,3,6,2,03,15,6,1,0,0,1,0,0,0,0
"POINT (10.734457590000034 52.399101516000030)",Unfall 62150 (2020) Kat:3, Licht: 0,62150,3,6,8,03,18,5,0,0,0,1,0,0,1,0
"POINT (10.725470762000043 52.398856614000067)",Unfall 62254 (2020) Kat:3, Licht: 0,62254,3,3,5,04,11,7,0,0,1,1,0,0,0,0
"POINT (10.799572542000021 52.436555317000057)",Unfall 62451 (2020) Kat:3, Licht: 0,62451,3,6,2,03,15,6,0,0,0,1,0,0,0,0
"POINT (10.735988340000063 52.422866093000039)",Unfall 62552 (2020) Kat:3, Licht: 0,62552,3,3,5,04,15,2,0,0,1,1,0,0,0,0
"POINT (10.728396876000033 52.396651942000062)",Unfall 62732 (2020) Kat:2, Licht: 0,62732,2,3,5,05,11,7,0,0,1,1,0,0,0,0
"POINT (10.739556508000021 52.423025215000052)",Unfall 63070 (2020) Kat:3, Licht: 0,63070,3,3,5,04,18,7,0,0,1,1,0,0,0,0
"POINT (10.824907825000025 52.439434380000080)",Unfall 63073 (2020) Kat:3, Licht: 0,63073,3,3,5,04,15,7,0,0,1,1,0,0,0,0
"POINT (10.714976024000066 52.416373947000068)",Unfall 63075 (2020) Kat:3, Licht: 0,63075,3,3,5,04,10,7,0,0,0,1,0,0,0,0
"POINT (10.864827204000051 52.432316915000058)",Unfall 63111 (2020) Kat:3, Licht: 0,63111,3,6,2,04,11,2,0,0,0,1,0,0,0,0
"POINT (10.691618177000066 52.396945967000079)",Unfall 63263 (2020) Kat:3, Licht: 0,63263,3,2,5,04,11,5,0,0,0,1,0,0,0,0
"POINT (10.783432957000059 52.454615168000032)",Unfall 63278 (2020) Kat:2, Licht: 2,63278,2,1,8,05,01,6,1,2,0,1,0,0,0,0
"POINT (10.851616968000030 52.465229899000065)",Unfall 64080 (2020) Kat:2, Licht: 0,64080,2,2,5,05,17,3,0,0,0,1,0,0,0,0
"POINT (10.846995389000028 52.394412581000040)",Unfall 64318 (2020) Kat:2, Licht: 0,64318,2,1,8,05,19,2,0,0,0,0,0,1,0,0
"POINT (10.849710390000041 52.396884247000060)",Unfall 64411 (2020) Kat:3, Licht: 0,64411,3,2,2,05,08,6,0,0,0,1,0,0,0,1
"POINT (10.848519275000058 52.370659122000063)",Unfall 64551 (2020) Kat:3, Licht: 2,64551,3,7,9,06,22,6,1,2,0,1,0,0,0,0
"POINT (10.728396876000033 52.396651942000062)",Unfall 64748 (2020) Kat:3, Licht: 0,64748,3,6,0,06,18,3,0,0,0,1,0,1,0,0
"POINT (10.845763195000075 52.392831924000063)",Unfall 64836 (2020) Kat:2, Licht: 0,64836,2,2,3,06,14,2,0,0,1,1,0,0,0,0
"POINT (10.808258035000051 52.438986232000047)",Unfall 64837 (2020) Kat:3, Licht: 0,64837,3,2,4,06,17,2,0,0,0,1,0,0,0,0
"POINT (10.781885694000039 52.453161171000033)",Unfall 65236 (2020) Kat:3, Licht: 0,65236,3,2,4,06,09,5,1,0,0,1,0,0,0,0
"POINT (10.696730381000066 52.416764070000056)",Unfall 65330 (2020) Kat:3, Licht: 0,65330,3,6,3,06,17,6,0,0,1,0,0,0,0,0
"POINT (10.864634558000034 52.432334018000063)",Unfall 65738 (2020) Kat:3, Licht: 0,65738,3,1,8,07,17,4,1,0,0,0,0,0,0,1
"POINT (10.745525450000059 52.395712193000065)",Unfall 65746 (2020) Kat:3, Licht: 0,65746,3,7,7,07,09,5,0,0,1,0,0,0,0,1
"POINT (10.786436842000057 52.427864664000026)",Unfall 65835 (2020) Kat:3, Licht: 0,65835,3,3,5,06,12,4,0,0,1,1,0,0,0,0
"POINT (10.804350760000034 52.417490380000061)",Unfall 65836 (2020) Kat:3, Licht: 0,65836,3,3,5,06,07,4,0,0,1,1,0,0,0,0
"POINT (10.850164691000032 52.434838901000035)",Unfall 65931 (2020) Kat:2, Licht: 0,65931,2,3,5,06,06,3,0,0,1,1,0,0,0,0
"POINT (10.725191382000048 52.398964540000065)",Unfall 65934 (2020) Kat:3, Licht: 0,65934,3,1,4,06,17,3,0,0,1,0,0,0,0,0
"POINT (10.848987378000061 52.372668342000054)",Unfall 65987 (2020) Kat:2, Licht: 1,65987,2,1,8,07,21,5,0,1,0,1,0,0,0,0
"POINT (10.762435218000064 52.358151266000050)",Unfall 66353 (2020) Kat:2, Licht: 1,66353,2,1,0,07,05,4,1,1,0,1,0,0,0,0
"POINT (10.671864946000028 52.417653063000046)",Unfall 66575 (2020) Kat:2, Licht: 0,66575,2,1,9,07,16,1,0,0,0,0,0,1,0,0
"POINT (10.847957920000056 52.415614687000073)",Unfall 66595 (2020) Kat:2, Licht: 0,66595,2,3,5,07,13,2,0,0,0,1,0,1,0,0
"POINT (10.749571378000041 52.428799452000078)",Unfall 66597 (2020) Kat:2, Licht: 0,66597,2,1,0,07,07,2,0,0,1,0,0,0,0,0
"POINT (10.840268474000027 52.393259288000081)",Unfall 66657 (2020) Kat:1, Licht: 0,66657,1,1,9,07,18,1,0,0,0,1,0,0,0,0
"POINT (10.751332220000052 52.424260286000049)",Unfall 66769 (2020) Kat:3, Licht: 0,66769,3,3,5,07,13,2,0,0,1,0,0,0,0,1
"POINT (10.734120733000054 52.435026510000057)",Unfall 66862 (2020) Kat:3, Licht: 0,66862,3,2,5,08,16,4,0,0,1,0,0,0,0,1
"POINT (10.847695153000075 52.425676730000077)",Unfall 67173 (2020) Kat:3, Licht: 0,67173,3,6,4,07,16,6,0,0,1,0,0,0,0,0
"POINT (10.720267984000031 52.408696969000061)",Unfall 67252 (2020) Kat:3, Licht: 2,67252,3,7,0,08,00,3,0,2,1,0,0,0,0,0
"POINT (10.785807478000038 52.427995576000058)",Unfall 67481 (2020) Kat:3, Licht: 0,67481,3,6,2,07,14,4,0,0,0,1,0,1,0,0
"POINT (10.761806338000042 52.451758589000065)",Unfall 67493 (2020) Kat:3, Licht: 0,67493,3,1,8,07,12,6,0,0,0,1,0,0,0,0
"POINT (10.786335723000036 52.427867598000034)",Unfall 67608 (2020) Kat:3, Licht: 0,67608,3,3,5,08,12,6,0,0,1,1,0,0,0,0
"POINT (10.671918176000077 52.417594676000078)",Unfall 67703 (2020) Kat:3, Licht: 0,67703,3,3,5,08,10,6,0,0,0,1,0,0,1,0
"POINT (10.736239936000061 52.388298364000036)",Unfall 67943 (2020) Kat:3, Licht: 0,67943,3,6,3,08,07,4,1,0,0,1,0,0,1,0
"POINT (10.781062413000029 52.411072458000035)",Unfall 67956 (2020) Kat:3, Licht: 0,67956,3,6,2,08,12,4,1,0,0,1,0,0,0,0
"POINT (10.851440851000064 52.452962189000061)",Unfall 68004 (2020) Kat:3, Licht: 0,68004,3,3,5,08,07,6,0,0,1,1,0,0,0,0
"POINT (10.835639569000023 52.402411751000045)",Unfall 68346 (2020) Kat:3, Licht: 0,68346,3,2,4,08,14,6,0,0,0,1,0,0,0,0
"POINT (10.724664031000032 52.359615732000066)",Unfall 68364 (2020) Kat:3, Licht: 2,68364,3,6,9,08,21,1,1,2,0,1,0,0,0,1
"POINT (10.687218646000076 52.437420023000072)",Unfall 68656 (2020) Kat:2, Licht: 2,68656,2,6,2,09,22,5,1,2,0,1,0,1,0,0
"POINT (10.725096548000067 52.398787785000081)",Unfall 68778 (2020) Kat:3, Licht: 0,68778,3,3,5,09,15,3,0,0,1,1,0,0,0,0
"POINT (10.851892682000027 52.453548770000054)",Unfall 68824 (2020) Kat:3, Licht: 0,68824,3,3,5,08,17,2,0,0,1,1,0,0,0,0
"POINT (10.797522789000027 52.424307778000070)",Unfall 68991 (2020) Kat:3, Licht: 0,68991,3,3,5,09,11,3,0,0,0,1,0,0,1,0
"POINT (10.827985599000044 52.448910672000068)",Unfall 69134 (2020) Kat:3, Licht: 0,69134,3,2,5,09,07,3,0,0,1,1,0,0,0,0
"POINT (10.830119536000041 52.421946779000052)",Unfall 69361 (2020) Kat:2, Licht: 0,69361,2,3,5,09,15,4,0,0,1,1,0,0,0,0
"POINT (10.799613655000030 52.422070109000060)",Unfall 69366 (2020) Kat:3, Licht: 2,69366,3,6,2,09,22,4,0,2,0,1,0,0,0,0
"POINT (10.855428347000043 52.434847857000079)",Unfall 69425 (2020) Kat:2, Licht: 0,69425,2,6,4,09,16,5,0,0,0,1,0,0,0,0
"POINT (10.833022640000024 52.454382621000036)",Unfall 69531 (2020) Kat:3, Licht: 0,69531,3,2,4,09,12,6,0,0,0,1,0,0,0,0
"POINT (10.737843725000062 52.385818307000079)",Unfall 69693 (2020) Kat:2, Licht: 0,69693,2,3,5,09,15,6,0,0,1,1,0,0,0,0
"POINT (10.754088014000047 52.424710350000055)",Unfall 69755 (2020) Kat:3, Licht: 2,69755,3,2,5,09,05,5,0,2,0,1,0,0,0,0
"POINT (10.805491791000065 52.417245079000054)",Unfall 69770 (2020) Kat:3, Licht: 0,69770,3,2,2,09,14,2,0,0,0,1,0,0,0,0
"POINT (10.769548613000040 52.449195467000038)",Unfall 70265 (2020) Kat:2, Licht: 2,70265,2,7,9,09,22,4,0,2,0,0,0,1,0,1
"POINT (10.748794011000030 52.398124996000035)",Unfall 70337 (2020) Kat:3, Licht: 2,70337,3,1,9,10,20,7,0,2,0,1,0,0,0,0
"POINT (10.735647019000055 52.430643032000035)",Unfall 70471 (2020) Kat:3, Licht: 0,70471,3,6,2,10,15,6,0,0,0,1,0,0,1,0
"POINT (10.808228000000042 52.438975776000063)",Unfall 70535 (2020) Kat:3, Licht: 0,70535,3,6,2,10,16,1,0,0,0,1,0,0,0,0
"POINT (10.737291124000024 52.419904519000056)",Unfall 70781 (2020) Kat:3, Licht: 0,70781,3,6,2,10,08,4,0,0,0,1,0,0,1,0
"POINT (10.847747420000076 52.407388110000056)",Unfall 70946 (2020) Kat:3, Licht: 0,70946,3,3,5,10,13,2,0,0,0,1,0,0,0,0
"POINT (10.844707476000053 52.393941254000026)",Unfall 70988 (2020) Kat:3, Licht: 2,70988,3,1,0,10,02,4,1,2,0,0,0,0,0,1
"POINT (10.787801554000055 52.346432463000042)",Unfall 71157 (2020) Kat:3, Licht: 0,71157,3,6,3,10,14,7,0,0,0,1,0,1,0,0
"POINT (10.799806991000025 52.419366841000056)",Unfall 71352 (2020) Kat:3, Licht: 0,71352,3,6,2,11,11,2,0,0,0,1,0,0,0,0
"POINT (10.797536525000055 52.424175407000064)",Unfall 71744 (2020) Kat:3, Licht: 2,71744,3,6,2,10,16,2,1,2,0,1,0,0,0,0
"POINT (10.804828928000063 52.422386984000070)",Unfall 71745 (2020) Kat:3, Licht: 0,71745,3,6,2,11,15,5,0,0,0,1,0,1,0,0
"POINT (10.841754981000065 52.404501640000035)",Unfall 72129 (2020) Kat:3, Licht: 0,72129,3,1,8,11,08,1,0,0,0,1,0,0,0,0
"POINT (10.808666740000035 52.439135727000064)",Unfall 72154 (2020) Kat:3, Licht: 2,72154,3,6,2,11,18,2,0,2,0,1,0,0,0,0
"POINT (10.737294223000049 52.433086291000052)",Unfall 72310 (2020) Kat:3, Licht: 0,72310,3,6,2,11,15,2,0,0,0,1,0,0,0,0
"POINT (10.745640023000021 52.369293933000051)",Unfall 72476 (2020) Kat:3, Licht: 2,72476,3,3,5,11,18,2,0,2,0,1,0,0,0,1
"POINT (10.768801830000029 52.426742866000041)",Unfall 72561 (2020) Kat:3, Licht: 2,72561,3,2,5,11,21,4,0,2,0,1,0,0,0,0
"POINT (10.737690062000070 52.423192459000063)",Unfall 72606 (2020) Kat:3, Licht: 2,72606,3,1,7,11,23,1,1,2,0,1,0,0,0,0
"POINT (10.790659289000075 52.445101420000071)",Unfall 72656 (2020) Kat:3, Licht: 0,72656,3,2,4,11,09,6,0,0,0,1,0,0,1,0
"POINT (10.746764123000048 52.460950398000080)",Unfall 72731 (2020) Kat:2, Licht: 0,72731,2,1,4,12,14,6,0,0,0,1,0,0,0,0
"POINT (10.847941607000052 52.419838381000034)",Unfall 72750 (2020) Kat:3, Licht: 0,72750,3,2,4,12,14,2,1,0,1,1,0,0,0,0
"POINT (10.738493125000048 52.368931041000053)",Unfall 72806 (2020) Kat:3, Licht: 2,72806,3,2,4,12,05,6,0,2,0,1,0,0,0,0
"POINT (10.744904635000069 52.369256665000080)",Unfall 72835 (2020) Kat:3, Licht: 0,72835,3,6,2,12,12,7,1,0,0,1,0,0,0,0