WKT,Name,OBJECTID,UKATEGORIE,UTYP1,UART,UMONAT,USTUNDE,UWOCHENTAG,STRZUSTAND,ULICHTVERH,ISTRAD,ISTPKW,ISTFUSS,ISTKRAD,ISTGKFZ,ISTSONSTIG
"POINT (10.786466544000064 52.427863802000047)",Unfall 72972 (2020) Kat:3, Licht: 2,72972,3,3,5,12,17,5,0,2,1,1,0,0,0,0
"POINT (10.799108646000036 52.428676977000066)",Unfall 73311 (2020) Kat:3, Licht: 0,73311,3,6,2,12,10,2,1,0,0,1,0,0,0,0
"POINT (10.844651874000022 52.437037960000055)",Unfall 73465 (2020) Kat:3, Licht: 0,73465,3,6,2,12,14,3,1,0,0,1,0,0,0,0
"POINT (10.755021525000075 52.393059164000078)",Unfall 191995 (2020) Kat:3, Licht: 0,191995,3,3,5,01,14,5,1,0,0,1,0,0,0,0
"POINT (10.734697091000044 52.405360515000041)",Unfall 191997 (2020) Kat:3, Licht: 1,191997,3,3,5,01,07,5,1,1,0,1,0,1,0,0
"POINT (10.832482339000023 52.330517514000064)",Unfall 192046 (2020) Kat:2, Licht: 0,192046,2,3,5,01,14,4,1,0,1,1,0,0,0,0
"POINT (10.742671083000062 52.399667146000070)",Unfall 192141 (2020) Kat:3, Licht: 0,192141,3,3,5,01,14,4,1,0,0,1,0,0,0,1
"POINT (10.805379559000073 52.427362449000043)",Unfall 192208 (2020) Kat:3, Licht: 1,192208,3,3,5,01,07,5,0,1,1,1,0,0,0,0
"POINT (10.744141489000071 52.418430489000059)",Unfall 192360 (2020) Kat:2, Licht: 0,192360,2,2,5,02,08,2,1,0,1,1,0,0,0,0
"POINT (10.745441646000074 52.409141344000034)",Unfall 192526 (2020) Kat:3, Licht: 0,192526,3,2,2,01,15,6,0,0,0,1,0,1,0,0
"POINT (10.789741375000062 52.416547336000065)",Unfall 192527 (2020) Kat:3, Licht: 0,192527,3,2,3,01,08,6,0,0,1,1,0,0,0,0
"POINT (10.841765408000072 52.426593028000070)",Unfall 192552 (2020) Kat:3, Licht: 0,192552,3,2,2,02,10,7,1,0,0,1,0,0,0,0
"POINT (10.748472884000023 52.363417353000045)",Unfall 192576 (2020) Kat:3, Licht: 1,192576,3,3,5,01,08,2,1,1,0,1,0,0,0,0
"POINT (10.785381370000039 52.428785696000034)",Unfall 192617 (2020) Kat:3, Licht: 2,192617,3,2,2,02,21,2,1,2,0,1,0,0,0,0
"POINT (10.797514643000056 52.424024402000043)",Unfall 192784 (2020) Kat:3, Licht: 1,192784,3,6,2,02,17,6,1,1,0,1,0,0,0,0
"POINT (10.847719044000030 52.449034607000044)",Unfall 192934 (2020) Kat:3, Licht: 2,192934,3,6,2,02,18,5,0,2,0,1,0,0,0,0
"POINT (10.740604904000065 52.435624826000037)",Unfall 192958 (2020) Kat:3, Licht: 0,192958,3,3,5,02,15,3,0,0,0,1,0,0,0,0
"POINT (10.841496526000071 52.445046435000052)",Unfall 192962 (2020) Kat:3, Licht: 0,192962,3,5,1,02,14,3,0,0,0,1,0,0,0,0
"POINT (10.783729119000043 52.426512898000055)",Unfall 192970 (2020) Kat:2, Licht: 0,192970,2,7,1,02,16,3,0,0,0,1,0,0,0,0
"POINT (10.829162983000060 52.424710790000063)",Unfall 192983 (2020) Kat:3, Licht: 2,192983,3,2,5,02,18,2,1,2,1,1,0,0,0,0
"POINT (10.802285338000047 52.448686785000064)",Unfall 193004 (2020) Kat:3, Licht: 0,193004,3,4,6,02,13,3,0,0,0,1,1,0,0,0
"POINT (10.781925546000025 52.425801191000062)",Unfall 193056 (2020) Kat:3, Licht: 2,193056,3,3,5,02,18,2,1,2,1,1,0,0,0,0
"POINT (10.776304530000061 52.426871893000055)",Unfall 193159 (2020) Kat:2, Licht: 0,193159,2,3,5,03,14,3,0,0,0,1,0,0,0,0
"POINT (10.841645825000057 52.426613377000081)",Unfall 193187 (2020) Kat:3, Licht: 0,193187,3,2,5,03,14,4,0,0,0,1,0,0,0,0
"POINT (10.771233393000045 52.472054565000064)",Unfall 193437 (2020) Kat:3, Licht: 0,193437,3,3,5,03,11,2,0,0,1,1,0,0,0,0
"POINT (10.785158035000052 52.422086417000060)",Unfall 193465 (2020) Kat:3, Licht: 0,193465,3,2,5,03,16,6,0,0,1,1,0,0,0,0
"POINT (10.823651548000043 52.444991676000029)",Unfall 193797 (2020) Kat:3, Licht: 0,193797,3,1,0,04,18,1,0,0,1,0,0,0,0,0
"POINT (10.793927215000053 52.458228533000067)",Unfall 193838 (2020) Kat:2, Licht: 0,193838,2,1,9,03,18,7,0,0,0,0,0,1,0,0
"POINT (10.733952532000046 52.369854190000069)",Unfall 193931 (2020) Kat:3, Licht: 0,193931,3,3,5,04,11,3,0,0,0,1,0,0,0,0
"POINT (10.737523056000043 52.399566877000041)",Unfall 193992 (2020) Kat:3, Licht: 0,193992,3,6,2,04,09,2,0,0,0,1,0,0,0,0
"POINT (10.856364531000054 52.454618833000040)",Unfall 194123 (2020) Kat:3, Licht: 0,194123,3,6,2,04,17,5,0,0,1,1,0,0,0,0
"POINT (10.818279353000037 52.443334854000057)",Unfall 194124 (2020) Kat:2, Licht: 0,194124,2,6,3,04,12,7,0,0,1,1,0,0,0,0
"POINT (10.794017222000036 52.416597012000068)",Unfall 194235 (2020) Kat:3, Licht: 0,194235,3,6,2,05,05,2,1,0,0,1,0,0,0,0
"POINT (10.807202289000031 52.441390799000033)",Unfall 194345 (2020) Kat:2, Licht: 0,194345,2,2,4,04,16,7,0,0,0,1,0,1,0,0
"POINT (10.752172055000074 52.418674845000055)",Unfall 194353 (2020) Kat:2, Licht: 0,194353,2,7,0,04,11,7,0,0,1,0,0,0,0,0
"POINT (10.759879748000060 52.420153829000071)",Unfall 194537 (2020) Kat:3, Licht: 0,194537,3,4,6,05,17,4,0,0,1,0,1,0,0,0
"POINT (10.751685469000051 52.414316098000029)",Unfall 194585 (2020) Kat:3, Licht: 0,194585,3,1,0,05,14,3,0,0,1,0,0,0,0,0
"POINT (10.755054374000053 52.391587541000035)",Unfall 194646 (2020) Kat:3, Licht: 0,194646,3,1,0,05,10,1,0,0,1,0,0,0,0,0
"POINT (10.811055433000035 52.427216203000057)",Unfall 194655 (2020) Kat:3, Licht: 0,194655,3,6,2,05,18,7,0,0,0,1,0,1,0,0
"POINT (10.796757020000030 52.428455279000048)",Unfall 194700 (2020) Kat:3, Licht: 0,194700,3,7,6,05,07,4,0,0,0,1,1,0,0,0
"POINT (10.704761490000067 52.417635253000071)",Unfall 194734 (2020) Kat:3, Licht: 1,194734,3,2,4,05,19,1,0,1,0,1,0,0,0,0
"POINT (10.751840725000022 52.410598773000061)",Unfall 194760 (2020) Kat:3, Licht: 0,194760,3,3,5,05,15,6,0,0,1,1,0,0,0,0
"POINT (10.791355334000059 52.427984958000081)",Unfall 194791 (2020) Kat:3, Licht: 2,194791,3,1,0,05,23,7,1,2,1,0,0,0,0,0
"POINT (10.807728451000060 52.440075850000028)",Unfall 194797 (2020) Kat:3, Licht: 0,194797,3,1,8,05,15,7,0,0,0,1,0,0,0,0
"POINT (10.783676871000068 52.423712598000066)",Unfall 194806 (2020) Kat:3, Licht: 0,194806,3,7,6,06,20,2,0,0,0,1,1,0,0,0
"POINT (10.811435358000040 52.427198374000056)",Unfall 194826 (2020) Kat:3, Licht: 0,194826,3,3,5,05,11,5,0,0,1,1,0,0,0,0
"POINT (10.786248138000076 52.427758852000068)",Unfall 195066 (2020) Kat:3, Licht: 0,195066,3,3,5,06,11,5,1,0,0,1,0,1,0,0
"POINT (10.785950128000025 52.423678781000035)",Unfall 195085 (2020) Kat:3, Licht: 0,195085,3,6,2,06,09,5,0,0,0,1,0,1,0,0
"POINT (10.778726863000031 52.419814956000039)",Unfall 195137 (2020) Kat:3, Licht: 0,195137,3,2,4,06,19,1,0,0,0,1,0,1,0,0
"POINT (10.788434562000077 52.442131333000077)",Unfall 195188 (2020) Kat:3, Licht: 2,195188,3,1,4,06,22,3,0,2,1,0,0,0,0,0
"POINT (10.755052053000043 52.391635231000066)",Unfall 195198 (2020) Kat:2, Licht: 0,195198,2,4,6,06,18,5,1,0,0,1,1,0,0,0
"POINT (10.745600479000075 52.401382679000051)",Unfall 195200 (2020) Kat:3, Licht: 0,195200,3,2,3,06,15,3,0,0,1,1,0,0,0,0
"POINT (10.774673905000043 52.420547328000055)",Unfall 195233 (2020) Kat:2, Licht: 0,195233,2,1,9,06,07,5,1,0,0,0,0,1,0,0
"POINT (10.744488230000059 52.404447015000073)",Unfall 195261 (2020) Kat:3, Licht: 0,195261,3,1,9,06,13,7,0,0,0,0,0,0,0,1
"POINT (10.767448269000056 52.410501714000077)",Unfall 195290 (2020) Kat:3, Licht: 0,195290,3,3,5,06,15,5,0,0,1,1,0,0,0,0
"POINT (10.715108724000061 52.418039819000057)",Unfall 195344 (2020) Kat:3, Licht: 0,195344,3,5,3,06,09,4,0,0,1,1,0,0,0,0
"POINT (10.794960921000040 52.424271840000074)",Unfall 195347 (2020) Kat:3, Licht: 0,195347,3,3,5,06,12,4,0,0,1,1,0,0,0,0
"POINT (10.786229403000050 52.425054990000035)",Unfall 195348 (2020) Kat:3, Licht: 0,195348,3,2,2,06,10,4,0,0,0,1,0,0,0,0
"POINT (10.755834242000049 52.423837924000054)",Unfall 195398 (2020) Kat:3, Licht: 0,195398,3,5,1,06,13,6,0,0,0,1,0,1,0,0
"POINT (10.746609234000061 52.398652944000048)",Unfall 195410 (2020) Kat:3, Licht: 0,195410,3,3,5,06,12,6,0,0,1,1,0,0,0,0
"POINT (10.754169223000076 52.424620024000035)",Unfall 195451 (2020) Kat:3, Licht: 0,195451,3,2,0,06,16,2,0,0,1,1,0,0,0,0
"POINT (10.709524537000050 52.424006076000069)",Unfall 195521 (2020) Kat:2, Licht: 0,195521,2,3,5,06,08,7,0,0,1,1,0,0,0,0
"POINT (10.751595768000072 52.413948925000057)",Unfall 195535 (2020) Kat:3, Licht: 0,195535,3,2,5,06,12,4,0,0,1,1,0,0,0,0
"POINT (10.783176962000027 52.418680917000074)",Unfall 195569 (2020) Kat:3, Licht: 0,195569,3,6,4,06,08,2,0,0,1,0,0,0,0,0
"POINT (10.738967333000062 52.415551706000031)",Unfall 195639 (2020) Kat:3, Licht: 0,195639,3,7,7,06,21,4,0,0,1,0,0,0,0,0
"POINT (10.801025513000070 52.422345515000075)",Unfall 195704 (2020) Kat:3, Licht: 0,195704,3,3,5,06,11,4,0,0,1,1,0,0,0,0
"POINT (10.747786806000022 52.405187418000082)",Unfall 195754 (2020) Kat:2, Licht: 0,195754,2,3,5,06,17,6,0,0,1,1,0,0,0,0
"POINT (10.794261021000068 52.427785418000042)",Unfall 195827 (2020) Kat:3, Licht: 0,195827,3,2,5,06,17,2,0,0,1,1,0,0,0,0
"POINT (10.813199780000048 52.427435351000042)",Unfall 195853 (2020) Kat:3, Licht: 0,195853,3,1,0,07,11,1,0,0,0,1,0,0,0,0
"POINT (10.765384519000065 52.411074253000038)",Unfall 195856 (2020) Kat:3, Licht: 0,195856,3,5,1,07,09,1,1,0,0,1,0,1,0,0
"POINT (10.770286344000056 52.412225489000036)",Unfall 195869 (2020) Kat:3, Licht: 0,195869,3,5,5,07,12,2,0,0,0,1,0,0,0,0
"POINT (10.737663992000023 52.402297124000029)",Unfall 195937 (2020) Kat:3, Licht: 0,195937,3,1,0,06,19,1,0,0,0,1,0,1,0,0
"POINT (10.774839190000023 52.423787637000032)",Unfall 195969 (2020) Kat:3, Licht: 0,195969,3,3,5,06,12,3,0,0,1,0,0,0,0,1
"POINT (10.760275779000040 52.420180275000064)",Unfall 195970 (2020) Kat:3, Licht: 0,195970,3,6,2,06,09,3,0,0,0,1,0,0,0,0
"POINT (10.792514323000034 52.442390194000041)",Unfall 196100 (2020) Kat:3, Licht: 0,196100,3,1,4,07,14,6,0,0,1,0,0,0,0,0
"POINT (10.775637618000076 52.410020706000068)",Unfall 196208 (2020) Kat:3, Licht: 0,196208,3,4,6,07,17,6,0,0,0,1,1,0,0,0
"POINT (10.811544199000025 52.424054418000026)",Unfall 196247 (2020) Kat:3, Licht: 0,196247,3,7,0,07,08,4,1,0,1,1,0,0,0,0
"POINT (10.872252125000045 52.427067866000073)",Unfall 196252 (2020) Kat:3, Licht: 0,196252,3,3,5,07,05,3,0,0,0,1,0,0,0,0
"POINT (10.799540128000046 52.414395394000053)",Unfall 196273 (2020) Kat:3, Licht: 0,196273,3,6,6,07,11,2,0,0,1,0,1,0,0,0
"POINT (10.801021492000075 52.448690536000072)",Unfall 196479 (2020) Kat:3, Licht: 2,196479,3,3,5,07,00,7,0,2,1,1,0,0,0,0
"POINT (10.792878260000066 52.427892821000057)",Unfall 196480 (2020) Kat:3, Licht: 0,196480,3,2,5,07,11,7,0,0,1,1,0,0,0,0
"POINT (10.754215513000076 52.419621168000049)",Unfall 196644 (2020) Kat:3, Licht: 0,196644,3,3,5,07,11,2,0,0,1,1,0,0,0,0
"POINT (10.814773345000049 52.428359307000051)",Unfall 196645 (2020) Kat:3, Licht: 0,196645,3,3,5,07,16,3,0,0,1,1,0,0,0,0
"POINT (10.758609649000050 52.420097902000066)",Unfall 196683 (2020) Kat:3, Licht: 2,196683,3,7,0,08,01,2,0,2,0,1,0,0,0,0
"POINT (10.808203870000057 52.438967376000051)",Unfall 196755 (2020) Kat:3, Licht: 0,196755,3,2,6,07,19,6,0,0,0,1,1,0,0,0
"POINT (10.752280891000055 52.411729203000050)",Unfall 196902 (2020) Kat:3, Licht: 1,196902,3,7,9,08,05,7,0,1,0,1,0,0,0,0
"POINT (10.735077221000040 52.403479393000055)",Unfall 196924 (2020) Kat:3, Licht: 0,196924,3,7,0,08,16,3,0,0,0,0,0,0,0,1
"POINT (10.788250946000062 52.421046904000036)",Unfall 196926 (2020) Kat:3, Licht: 0,196926,3,6,2,08,14,3,0,0,0,1,0,0,0,0
"POINT (10.776426211000057 52.446128171000055)",Unfall 197114 (2020) Kat:3, Licht: 0,197114,3,7,1,08,14,6,0,0,1,1,0,0,0,0
"POINT (10.734684517000062 52.405496859000039)",Unfall 197211 (2020) Kat:3, Licht: 0,197211,3,3,5,08,18,5,0,0,1,1,0,0,0,0
"POINT (10.732201964000069 52.371943321000060)",Unfall 197385 (2020) Kat:2, Licht: 0,197385,2,3,5,08,16,2,0,0,0,1,0,1,0,0
"POINT (10.848517292000054 52.429766999000037)",Unfall 197518 (2020) Kat:3, Licht: 0,197518,3,3,5,08,16,3,0,0,1,1,0,0,0,0
"POINT (10.786746593000032 52.442126916000063)",Unfall 197622 (2020) Kat:3, Licht: 2,197622,3,6,2,08,22,5,0,2,0,1,0,1,0,0
"POINT (10.758716557000071 52.420102473000043)",Unfall 197717 (2020) Kat:3, Licht: 0,197717,3,6,2,09,12,4,0,0,0,1,0,0,0,0
"POINT (10.745600479000075 52.401382679000051)",Unfall 197744 (2020) Kat:1, Licht: 0,197744,1,2,5,09,09,3,0,0,1,1,0,0,0,0
"POINT (10.712204306000046 52.417382627000052)",Unfall 197745 (2020) Kat:3, Licht: 0,197745,3,2,5,09,12,7,1,0,0,1,0,0,0,1
"POINT (10.776226978000068 52.428201448000038)",Unfall 197886 (2020) Kat:3, Licht: 0,197886,3,6,2,09,14,3,0,0,0,1,0,0,0,0
"POINT (10.872347388000037 52.427032710000049)",Unfall 197952 (2020) Kat:2, Licht: 0,197952,2,3,5,09,15,2,0,0,0,0,0,1,1,0
"POINT (10.741334149000068 52.401632813000049)",Unfall 197991 (2020) Kat:3, Licht: 2,197991,3,3,5,09,20,3,0,2,0,1,0,0,0,0
"POINT (10.815344437000022 52.426081109000052)",Unfall 198008 (2020) Kat:3, Licht: 0,198008,3,2,5,09,13,6,0,0,1,1,0,0,0,0
"POINT (10.783534742000029 52.425200879000045)",Unfall 198074 (2020) Kat:2, Licht: 0,198074,2,5,1,09,19,7,0,0,1,1,0,0,0,0
"POINT (10.790006964000042 52.426206710000031)",Unfall 198111 (2020) Kat:2, Licht: 2,198111,2,1,0,09,21,2,0,2,0,0,0,0,0,1
"POINT (10.789651243000037 52.449933187000056)",Unfall 198147 (2020) Kat:3, Licht: 0,198147,3,6,4,09,16,3,0,0,0,1,0,0,0,1
"POINT (10.749003079000033 52.405934106000075)",Unfall 198194 (2020) Kat:3, Licht: 0,198194,3,3,5,09,08,5,0,0,0,1,0,0,0,1
"POINT (10.716292693000071 52.424206543000082)",Unfall 198354 (2020) Kat:3, Licht: 2,198354,3,2,4,09,22,6,0,2,0,1,0,1,0,0
"POINT (10.842273969000075 52.441414109000050)",Unfall 198463 (2020) Kat:2, Licht: 0,198463,2,1,0,09,07,6,0,0,1,0,0,0,0,1
"POINT (10.713974400000041 52.398573574000068)",Unfall 198545 (2020) Kat:2, Licht: 0,198545,2,6,3,09,14,4,0,0,1,0,0,0,0,0
"POINT (10.748226991000024 52.414700875000051)",Unfall 198636 (2020) Kat:3, Licht: 0,198636,3,3,5,09,08,6,1,0,0,1,0,1,0,0
"POINT (10.862459448000038 52.423003006000044)",Unfall 198696 (2020) Kat:3, Licht: 0,198696,3,2,5,10,12,4,1,0,0,1,0,0,0,1
"POINT (10.785339734000047 52.416660676000049)",Unfall 198698 (2020) Kat:3, Licht: 0,198698,3,6,2,10,16,4,1,0,0,1,0,0,0,0
"POINT (10.748638004000043 52.424905053000032)",Unfall 198733 (2020) Kat:3, Licht: 0,198733,3,1,0,10,16,5,1,0,0,0,0,1,0,0
"POINT (10.737429155000029 52.400054893000060)",Unfall 198761 (2020) Kat:3, Licht: 0,198761,3,3,5,10,08,3,1,0,0,1,0,0,0,0
"POINT (10.786217314000055 52.424977154000032)",Unfall 198762 (2020) Kat:3, Licht: 0,198762,3,2,0,10,08,3,1,0,0,1,1,0,0,0
"POINT (10.783525785000052 52.417655741000033)",Unfall 198783 (2020) Kat:2, Licht: 0,198783,2,2,5,10,10,5,1,0,1,0,0,0,0,1
"POINT (10.797158989000025 52.424218283000073)",Unfall 198826 (2020) Kat:3, Licht: 0,198826,3,3,5,10,07,5,0,0,1,1,0,0,0,0
"POINT (10.791561585000068 52.427955802000042)",Unfall 198857 (2020) Kat:3, Licht: 0,198857,3,6,2,10,13,1,0,0,0,1,0,0,0,0
"POINT (10.743884001000026 52.418612651000046)",Unfall 198895 (2020) Kat:3, Licht: 0,198895,3,6,4,10,16,5,0,0,0,1,0,0,0,0
"POINT (10.844613994000042 52.436790936000079)",Unfall 198983 (2020) Kat:3, Licht: 0,198983,3,6,2,10,16,6,0,0,0,1,0,0,0,0
"POINT (10.785020414000030 52.421795186000054)",Unfall 199052 (2020) Kat:3, Licht: 0,199052,3,2,4,10,18,7,0,0,0,1,0,0,0,0
"POINT (10.786471706000043 52.427018353000051)",Unfall 199141 (2020) Kat:3, Licht: 2,199141,3,4,6,10,07,5,1,2,0,1,1,0,0,0
"POINT (10.798765522000053 52.429878664000057)",Unfall 199330 (2020) Kat:3, Licht: 0,199330,3,3,5,10,14,4,0,0,1,1,0,0,0,0
"POINT (10.772659182000041 52.424250271000062)",Unfall 199439 (2020) Kat:3, Licht: 0,199439,3,7,1,10,14,6,1,0,0,1,0,0,0,0
"POINT (10.754238849000046 52.419428100000061)",Unfall 199489 (2020) Kat:3, Licht: 1,199489,3,2,5,10,18,2,1,1,1,1,0,0,0,0
"POINT (10.756883444000039 52.419955790000074)",Unfall 199500 (2020) Kat:3, Licht: 2,199500,3,1,0,10,06,5,0,2,0,0,0,0,0,1
"POINT (10.751713019000022 52.415592426000046)",Unfall 199610 (2020) Kat:3, Licht: 1,199610,3,6,2,11,16,3,0,1,0,1,0,0,0,0
"POINT (10.794932774000074 52.424350547000074)",Unfall 199743 (2020) Kat:3, Licht: 0,199743,3,3,5,11,14,5,0,0,0,1,0,0,0,0
"POINT (10.751486701000033 52.417660025000032)",Unfall 199750 (2020) Kat:3, Licht: 0,199750,3,2,4,10,08,5,1,0,1,1,0,0,0,0
"POINT (10.835310125000035 52.438205109000080)",Unfall 199908 (2020) Kat:3, Licht: 0,199908,3,4,6,11,13,2,0,0,0,1,1,0,0,0
"POINT (10.791632134000054 52.420467405000068)",Unfall 200020 (2020) Kat:3, Licht: 0,200020,3,2,2,11,10,2,0,0,0,1,0,0,0,0
"POINT (10.766836127000033 52.421016239000039)",Unfall 200183 (2020) Kat:3, Licht: 0,200183,3,2,5,11,14,6,0,0,1,1,0,0,0,0
"POINT (10.714076107000039 52.414474239000072)",Unfall 200198 (2020) Kat:3, Licht: 2,200198,3,2,6,11,17,2,0,2,0,1,1,0,0,0
"POINT (10.825665341000047 52.427155007000067)",Unfall 200231 (2020) Kat:3, Licht: 0,200231,3,7,0,11,08,5,1,0,1,0,0,0,0,0
"POINT (10.719772596000041 52.410029209000072)",Unfall 200296 (2020) Kat:3, Licht: 2,200296,3,3,5,11,21,6,0,2,1,0,0,0,0,0
"POINT (10.795678362000046 52.435297144000060)",Unfall 200368 (2020) Kat:3, Licht: 0,200368,3,7,2,12,09,6,1,0,0,1,0,0,0,1
"POINT (10.847699004000049 52.431961402000070)",Unfall 200432 (2020) Kat:3, Licht: 0,200432,3,3,5,12,10,4,0,0,1,1,0,0,0,0
"POINT (10.762526568000055 52.420400083000061)",Unfall 200434 (2020) Kat:3, Licht: 0,200434,3,7,0,12,14,4,1,0,1,0,0,0,0,0
"POINT (10.791191174000062 52.423021067000036)",Unfall 200459 (2020) Kat:3, Licht: 0,200459,3,4,6,12,15,6,0,0,0,1,1,0,0,0
"POINT (10.782071167000026 52.426546297000073)",Unfall 200528 (2020) Kat:3, Licht: 2,200528,3,3,0,12,21,2,0,2,1,1,0,0,0,0
"POINT (10.801428781000027 52.449959815000057)",Unfall 200605 (2020) Kat:3, Licht: 0,200605,3,4,6,12,11,7,0,0,0,1,1,0,0,0
"POINT (10.776006135000046 52.427007599000035)",Unfall 200643 (2020) Kat:3, Licht: 2,200643,3,3,5,12,22,2,1,2,0,1,0,0,0,0
"POINT (10.671590386000048 52.412188987000036)",Unfall 200650 (2020) Kat:3, Licht: 0,200650,3,1,8,12,14,6,0,0,0,0,0,1,0,0
"POINT (10.849947580000048 52.457785406000028)",Unfall 200652 (2020) Kat:3, Licht: 0,200652,3,3,5,12,11,6,0,0,0,1,0,0,0,0
"POINT (10.793482220000044 52.424236296000061)",Unfall 200791 (2020) Kat:3, Licht: 2,200791,3,5,4,12,17,3,1,2,1,1,0,0,0,0
"POINT (10.850576842000066 52.457750395000062)",Unfall 200901 (2020) Kat:3, Licht: 0,200901,3,3,5,12,12,1,0,0,0,1,0,1,0,0
"POINT (10.742503865000060 52.399789647000034)",Unfall 201059 (2020) Kat:3, Licht: 0,201059,3,3,5,12,08,4,1,0,0,1,0,0,0,0
"POINT (10.735620114000028 52.430596422000065)",Unfall 7839 (2021) Kat:3, Licht: 2,7839,3,6,2,02,18,6,1,2,0,1,0,0,0,0
"POINT (10.849689770000055 52.396844316000056)",Unfall 8168 (2021) Kat:3, Licht: 0,8168,3,4,6,01,07,6,1,0,0,1,1,0,0,0
"POINT (10.836721221000062 52.331684097000050)",Unfall 8199 (2021) Kat:3, Licht: 2,8199,3,3,5,02,06,4,1,2,0,1,0,0,0,0
"POINT (10.818610877000026 52.413015740000048)",Unfall 8406 (2021) Kat:3, Licht: 1,8406,3,6,4,01,07,3,1,1,0,1,0,0,0,1
"POINT (10.758186970000054 52.359665019000033)",Unfall 8513 (2021) Kat:3, Licht: 0,8513,3,2,5,02,13,1,0,0,0,1,0,1,0,0
"POINT (10.727324503000034 52.380328704000078)",Unfall 9024 (2021) Kat:3, Licht: 0,9024,3,6,2,02,11,6,0,0,0,1,0,0,1,0
"POINT (10.791575134000027 52.427750111000080)",Unfall 9387 (2021) Kat:3, Licht: 0,9387,3,5,1,04,13,5,0,0,0,1,0,0,0,1
"POINT (10.781747254000038 52.411797152000076)",Unfall 9457 (2021) Kat:3, Licht: 0,9457,3,1,0,04,18,7,0,0,0,0,0,0,0,1
"POINT (10.830051191000052 52.404948023000031)",Unfall 9493 (2021) Kat:3, Licht: 0,9493,3,2,2,03,13,4,0,0,0,1,0,0,0,0
"POINT (10.862182858000040 52.465425993000053)",Unfall 9749 (2021) Kat:2, Licht: 0,9749,2,3,5,02,17,3,0,0,1,1,0,0,0,0
"POINT (10.793631726000058 52.479699757000049)",Unfall 9755 (2021) Kat:2, Licht: 2,9755,2,1,8,04,02,6,0,2,0,0,0,0,0,1
"POINT (10.819442833000039 52.481390867000073)",Unfall 9785 (2021) Kat:3, Licht: 0,9785,3,3,5,03,07,6,1,0,0,1,0,0,0,0
"POINT (10.735842804000072 52.439485430000047)",Unfall 10240 (2021) Kat:2, Licht: 2,10240,2,7,9,03,22,3,0,2,0,1,0,0,0,0
"POINT (10.805110383000056 52.437570056000027)",Unfall 10373 (2021) Kat:2, Licht: 0,10373,2,1,9,03,13,3,0,0,0,1,0,0,0,0
"POINT (10.847940952000044 52.406557720000080)",Unfall 10414 (2021) Kat:3, Licht: 0,10414,3,6,4,03,15,5,1,0,0,1,0,0,0,0
"POINT (10.723995525000021 52.365481539000029)",Unfall 11341 (2021) Kat:3, Licht: 0,11341,3,6,3,04,08,2,0,0,0,1,0,0,0,0
"POINT (10.685280917000057 52.415172089000066)",Unfall 11408 (2021) Kat:2, Licht: 0,11408,2,4,6,05,08,5,1,0,0,1,1,0,0,0
"POINT (10.759930746000066 52.465813551000053)",Unfall 11712 (2021) Kat:3, Licht: 0,11712,3,1,8,05,17,7,1,0,0,1,0,0,0,0
"POINT (10.847192333000066 52.391163325000036)",Unfall 12040 (2021) Kat:3, Licht: 0,12040,3,6,2,06,16,3,0,0,0,1,0,0,0,0
"POINT (10.714737083000045 52.435369494000042)",Unfall 12217 (2021) Kat:3, Licht: 0,12217,3,2,5,04,17,3,0,0,0,1,0,0,0,0
"POINT (10.807562567000048 52.438780539000049)",Unfall 12240 (2021) Kat:3, Licht: 0,12240,3,6,3,04,10,3,0,0,0,1,0,0,1,0
"POINT (10.831451651000066 52.452161810000064)",Unfall 12939 (2021) Kat:3, Licht: 0,12939,3,2,5,06,14,4,0,0,0,1,0,0,0,0
"POINT (10.826901728000053 52.455880633000049)",Unfall 12965 (2021) Kat:3, Licht: 0,12965,3,3,5,05,18,3,0,0,0,1,0,1,0,0
"POINT (10.729359793000071 52.382855454000037)",Unfall 13636 (2021) Kat:2, Licht: 0,13636,2,6,2,07,15,6,0,0,0,1,0,0,0,0
"POINT (10.862595068000076 52.350549386000068)",Unfall 14106 (2021) Kat:2, Licht: 2,14106,2,1,8,08,22,5,0,2,0,1,0,0,0,0