WKT,Name,OBJECTID,UKATEGORIE,UTYP1,UART,UMONAT,USTUNDE,UWOCHENTAG,STRZUSTAND,ULICHTVERH,ISTRAD,ISTPKW,ISTFUSS,ISTKRAD,ISTGKFZ,ISTSONSTIG
"POINT (10.836779715000034 52.331939944000055)",Unfall 14207 (2021) Kat:3, Licht: 0,14207,3,6,2,08,13,4,0,0,0,1,0,0,0,1
"POINT (10.731262677000075 52.318071478000036)",Unfall 14298 (2021) Kat:3, Licht: 0,14298,3,6,2,07,17,3,0,0,0,1,0,0,1,0
"POINT (10.849678431000029 52.396822358000065)",Unfall 14508 (2021) Kat:3, Licht: 0,14508,3,3,5,07,15,7,0,0,0,1,0,0,0,0
"POINT (10.719963600000028 52.416694282000037)",Unfall 14918 (2021) Kat:3, Licht: 0,14918,3,6,2,08,18,4,0,0,0,1,0,0,0,0
"POINT (10.854134084000066 52.455501900000058)",Unfall 15962 (2021) Kat:3, Licht: 2,15962,3,3,5,08,21,7,1,2,0,1,0,0,0,0
"POINT (10.736707758000023 52.391460750000078)",Unfall 15994 (2021) Kat:3, Licht: 0,15994,3,6,3,07,13,6,0,0,0,1,0,0,0,1
"POINT (10.801651972000059 52.436966675000065)",Unfall 16311 (2021) Kat:3, Licht: 0,16311,3,6,2,06,15,4,0,0,0,1,0,0,1,0
"POINT (10.819477412000026 52.481367584000054)",Unfall 16319 (2021) Kat:3, Licht: 0,16319,3,3,5,08,12,7,0,0,0,1,0,0,0,0
"POINT (10.738554467000029 52.368934151000076)",Unfall 16439 (2021) Kat:2, Licht: 0,16439,2,3,5,07,16,2,0,0,0,1,0,1,0,0
"POINT (10.738499344000047 52.368931355000029)",Unfall 16619 (2021) Kat:3, Licht: 0,16619,3,2,5,06,12,6,0,0,0,1,0,0,0,0
"POINT (10.808559244000037 52.438889254000060)",Unfall 16932 (2021) Kat:3, Licht: 0,16932,3,2,5,07,12,4,0,0,0,1,0,0,0,0
"POINT (10.697619460000055 52.416900598000041)",Unfall 17047 (2021) Kat:3, Licht: 0,17047,3,6,4,09,17,4,0,0,0,1,0,0,0,1
"POINT (10.790823304000071 52.444955849000053)",Unfall 17358 (2021) Kat:3, Licht: 0,17358,3,6,2,08,14,3,1,0,0,1,0,0,0,0
"POINT (10.840581413000052 52.393230134000078)",Unfall 17581 (2021) Kat:3, Licht: 0,17581,3,1,8,08,14,1,1,0,0,0,0,0,0,1
"POINT (10.821033681000074 52.465128036000067)",Unfall 17589 (2021) Kat:2, Licht: 0,17589,2,6,4,06,14,3,0,0,0,1,0,0,0,0
"POINT (10.748572192000040 52.398097097000061)",Unfall 17709 (2021) Kat:3, Licht: 0,17709,3,1,9,10,17,2,1,0,0,1,0,0,0,0
"POINT (10.828997412000035 52.438325349000081)",Unfall 18229 (2021) Kat:3, Licht: 0,18229,3,6,0,09,12,4,0,0,0,1,0,0,0,0
"POINT (10.684276639000075 52.385239157000058)",Unfall 18330 (2021) Kat:2, Licht: 0,18330,2,7,9,10,10,4,0,0,0,1,0,0,0,0
"POINT (10.828389682000022 52.449264091000032)",Unfall 18591 (2021) Kat:3, Licht: 0,18591,3,6,2,09,14,4,0,0,0,1,0,0,0,1
"POINT (10.794621364000022 52.416487001000064)",Unfall 18614 (2021) Kat:3, Licht: 0,18614,3,6,2,10,13,4,0,0,1,0,0,0,0,0
"POINT (10.854545340000072 52.358285014000046)",Unfall 18775 (2021) Kat:3, Licht: 1,18775,3,1,8,09,19,5,1,1,0,1,0,0,0,0
"POINT (10.745694658000048 52.369362967000029)",Unfall 19339 (2021) Kat:3, Licht: 0,19339,3,2,2,11,07,4,0,0,0,1,0,0,0,0
"POINT (10.847721169000067 52.424968930000034)",Unfall 19524 (2021) Kat:3, Licht: 2,19524,3,1,4,11,18,4,0,2,0,1,0,0,0,0
"POINT (10.824980810000056 52.439399461000050)",Unfall 19960 (2021) Kat:3, Licht: 2,19960,3,6,2,12,19,6,0,2,0,1,0,0,0,0
"POINT (10.835491335000029 52.402525173000072)",Unfall 20363 (2021) Kat:3, Licht: 0,20363,3,6,2,12,13,3,0,0,0,1,0,0,0,0
"POINT (10.799810461000050 52.437152926000067)",Unfall 20924 (2021) Kat:3, Licht: 0,20924,3,6,2,10,16,1,0,0,0,1,0,0,0,0
"POINT (10.713748503000033 52.442187109000031)",Unfall 21007 (2021) Kat:2, Licht: 2,21007,2,7,8,12,17,6,1,2,0,1,0,0,0,0
"POINT (10.825406197000063 52.439385553000079)",Unfall 21232 (2021) Kat:3, Licht: 0,21232,3,6,2,12,11,7,0,0,0,1,0,0,0,0
"POINT (10.828617655000073 52.438497137000070)",Unfall 21525 (2021) Kat:3, Licht: 0,21525,3,6,2,10,15,3,0,0,0,1,0,0,0,1
"POINT (10.800865718000068 52.448204482000051)",Unfall 140737 (2021) Kat:3, Licht: 2,140737,3,3,5,01,20,2,1,2,1,1,0,0,0,0
"POINT (10.786899265000045 52.442111788000034)",Unfall 140831 (2021) Kat:3, Licht: 1,140831,3,3,5,02,06,5,2,1,1,1,0,0,0,0
"POINT (10.751133437000021 52.416531618000079)",Unfall 140858 (2021) Kat:3, Licht: 1,140858,3,3,5,01,16,2,1,1,0,1,0,0,0,0
"POINT (10.749329043000046 52.392654611000069)",Unfall 140981 (2021) Kat:3, Licht: 0,140981,3,5,1,01,12,1,1,0,0,1,0,0,0,0
"POINT (10.789616718000048 52.416590346000078)",Unfall 141002 (2021) Kat:3, Licht: 1,141002,3,6,2,02,07,2,0,1,0,1,0,0,0,0
"POINT (10.742600950000053 52.399715877000062)",Unfall 141082 (2021) Kat:3, Licht: 0,141082,3,3,5,01,13,6,0,0,0,1,0,0,0,0
"POINT (10.746088253000039 52.411870471000043)",Unfall 141099 (2021) Kat:3, Licht: 2,141099,3,1,8,01,19,3,1,2,0,1,0,0,0,0
"POINT (10.786241272000041 52.425131407000038)",Unfall 141147 (2021) Kat:3, Licht: 1,141147,3,6,2,01,15,5,1,1,0,1,0,0,0,0
"POINT (10.862579313000026 52.422940217000075)",Unfall 141328 (2021) Kat:3, Licht: 0,141328,3,3,5,01,14,2,0,0,0,1,0,0,0,0
"POINT (10.786409947000038 52.415840453000044)",Unfall 141332 (2021) Kat:3, Licht: 0,141332,3,4,6,02,12,2,2,0,0,1,1,0,0,0
"POINT (10.792501899000058 52.450444263000065)",Unfall 141342 (2021) Kat:3, Licht: 0,141342,3,2,4,02,15,1,2,0,0,1,0,0,0,0
"POINT (10.716344380000066 52.424252144000036)",Unfall 141381 (2021) Kat:3, Licht: 0,141381,3,1,0,01,16,6,2,0,0,1,0,0,0,0
"POINT (10.839394747000028 52.437809526000080)",Unfall 141752 (2021) Kat:3, Licht: 0,141752,3,7,2,04,16,3,1,0,0,1,0,0,0,0
"POINT (10.753476883000076 52.421801657000060)",Unfall 141779 (2021) Kat:3, Licht: 0,141779,3,6,2,03,15,4,0,0,0,1,0,0,0,0
"POINT (10.776235221000036 52.428017025000031)",Unfall 141818 (2021) Kat:3, Licht: 1,141818,3,1,9,04,20,4,1,1,0,1,0,0,0,0
"POINT (10.815964848000021 52.427027610000039)",Unfall 141863 (2021) Kat:3, Licht: 0,141863,3,3,5,02,10,5,0,0,0,1,0,0,0,0
"POINT (10.841190923000056 52.412223416000074)",Unfall 141936 (2021) Kat:3, Licht: 0,141936,3,1,9,04,07,4,0,0,0,1,0,0,0,0
"POINT (10.750189575000036 52.403387170000030)",Unfall 141960 (2021) Kat:3, Licht: 0,141960,3,7,3,04,14,4,0,0,1,1,0,0,0,0
"POINT (10.790586323000070 52.419106250000027)",Unfall 142061 (2021) Kat:3, Licht: 0,142061,3,6,1,03,14,3,0,0,0,1,0,0,0,0
"POINT (10.841680693000058 52.426480669000057)",Unfall 142330 (2021) Kat:3, Licht: 0,142330,3,3,5,03,15,7,0,0,1,1,0,0,0,0
"POINT (10.782483406000040 52.406279432000076)",Unfall 142485 (2021) Kat:3, Licht: 0,142485,3,2,2,03,14,7,0,0,0,1,0,0,0,0
"POINT (10.717889164000042 52.390847938000036)",Unfall 142528 (2021) Kat:3, Licht: 0,142528,3,6,6,03,16,3,0,0,0,0,1,0,0,1
"POINT (10.749565621000045 52.413467903000026)",Unfall 142599 (2021) Kat:3, Licht: 0,142599,3,6,6,03,13,5,0,0,0,0,1,0,0,1
"POINT (10.786540425000055 52.421454004000054)",Unfall 142684 (2021) Kat:2, Licht: 0,142684,2,2,3,02,15,2,0,0,1,0,0,0,0,0
"POINT (10.776232626000024 52.428104900000051)",Unfall 142714 (2021) Kat:3, Licht: 2,142714,3,2,0,06,22,3,0,2,1,1,0,0,0,0
"POINT (10.731413056000065 52.414052495000078)",Unfall 142719 (2021) Kat:3, Licht: 0,142719,3,6,2,04,16,2,0,0,0,1,0,0,0,0
"POINT (10.774416942000073 52.447522704000050)",Unfall 142763 (2021) Kat:3, Licht: 0,142763,3,3,0,06,12,5,0,0,0,1,0,0,0,1
"POINT (10.816227760000061 52.441858527000079)",Unfall 142856 (2021) Kat:3, Licht: 0,142856,3,7,1,04,09,6,1,0,0,1,0,0,0,0
"POINT (10.734835744000065 52.403812846000051)",Unfall 142858 (2021) Kat:3, Licht: 0,142858,3,4,6,05,19,7,0,0,0,1,1,0,0,0
"POINT (10.716357492000043 52.424207969000065)",Unfall 142904 (2021) Kat:3, Licht: 0,142904,3,2,5,04,18,3,0,0,0,1,0,0,0,0
"POINT (10.862628525000048 52.423040622000030)",Unfall 142919 (2021) Kat:3, Licht: 0,142919,3,2,4,04,15,6,0,0,0,1,0,0,0,0
"POINT (10.767726552000056 52.477877703000047)",Unfall 142932 (2021) Kat:3, Licht: 0,142932,3,7,6,05,18,1,0,0,0,1,1,0,0,0
"POINT (10.781846437000070 52.428290222000044)",Unfall 143017 (2021) Kat:3, Licht: 0,143017,3,3,0,05,06,3,1,0,1,1,0,0,0,0
"POINT (10.838693559000035 52.439187095000079)",Unfall 143024 (2021) Kat:3, Licht: 0,143024,3,3,5,05,11,4,0,0,1,1,0,0,0,0
"POINT (10.723306280000031 52.394145860000037)",Unfall 143111 (2021) Kat:3, Licht: 0,143111,3,2,2,05,17,6,0,0,0,1,0,0,0,0
"POINT (10.810699676000070 52.437404282000045)",Unfall 143139 (2021) Kat:3, Licht: 0,143139,3,3,0,05,17,1,0,0,0,1,0,1,0,0
"POINT (10.754138724000029 52.419369784000082)",Unfall 143280 (2021) Kat:3, Licht: 0,143280,3,6,2,04,15,2,0,0,0,1,0,0,0,0
"POINT (10.795952641000042 52.427925648000041)",Unfall 143286 (2021) Kat:3, Licht: 0,143286,3,3,5,06,08,3,0,0,1,1,0,0,0,0
"POINT (10.847621500000059 52.431968456000050)",Unfall 143296 (2021) Kat:3, Licht: 0,143296,3,3,5,06,12,6,0,0,1,1,0,0,0,0
"POINT (10.807507553000050 52.422400230000051)",Unfall 143376 (2021) Kat:3, Licht: 0,143376,3,3,5,04,07,2,0,0,1,1,0,0,0,0
"POINT (10.790071525000030 52.427909029000034)",Unfall 143451 (2021) Kat:3, Licht: 0,143451,3,3,0,05,15,1,0,0,1,1,0,0,0,0
"POINT (10.785962874000063 52.418022589000032)",Unfall 143584 (2021) Kat:3, Licht: 0,143584,3,3,5,05,07,2,0,0,1,0,0,0,0,0
"POINT (10.775662202000035 52.350886005000064)",Unfall 143621 (2021) Kat:3, Licht: 0,143621,3,2,4,05,17,2,0,0,1,1,0,0,0,0
"POINT (10.867760645000033 52.415131426000073)",Unfall 143627 (2021) Kat:3, Licht: 0,143627,3,3,5,05,19,5,0,0,1,1,0,0,0,0
"POINT (10.805390550000027 52.427322573000026)",Unfall 143672 (2021) Kat:3, Licht: 0,143672,3,3,5,04,15,2,0,0,1,1,0,0,0,0
"POINT (10.812918421000063 52.431222920000039)",Unfall 143749 (2021) Kat:2, Licht: 0,143749,2,7,0,06,07,4,0,0,1,0,1,0,0,0
"POINT (10.728438674000074 52.418493700000056)",Unfall 143756 (2021) Kat:3, Licht: 0,143756,3,3,0,05,11,4,0,0,1,1,0,0,0,0
"POINT (10.799244555000030 52.434921757000041)",Unfall 143784 (2021) Kat:3, Licht: 0,143784,3,2,6,05,15,5,0,0,0,1,1,0,0,0
"POINT (10.829094888000043 52.424430789000041)",Unfall 143814 (2021) Kat:3, Licht: 1,143814,3,6,4,06,04,7,0,1,0,1,0,0,0,0
"POINT (10.743326051000054 52.409529789000032)",Unfall 143816 (2021) Kat:3, Licht: 0,143816,3,6,2,06,15,4,0,0,0,1,0,0,0,0
"POINT (10.706050915000048 52.423777956000038)",Unfall 143834 (2021) Kat:2, Licht: 0,143834,2,1,4,06,15,6,0,0,0,1,0,0,0,0
"POINT (10.791993900000023 52.427714184000081)",Unfall 144081 (2021) Kat:3, Licht: 0,144081,3,2,3,06,16,5,0,0,1,1,0,0,0,0
"POINT (10.786130384000046 52.450563715000044)",Unfall 144184 (2021) Kat:3, Licht: 0,144184,3,1,9,06,10,7,0,0,0,1,0,0,0,0
"POINT (10.862740676000044 52.423064131000046)",Unfall 144217 (2021) Kat:3, Licht: 0,144217,3,2,4,06,16,5,0,0,0,1,0,0,0,0
"POINT (10.834498609000036 52.442904155000065)",Unfall 144307 (2021) Kat:3, Licht: 0,144307,3,5,1,06,13,4,0,0,1,1,0,0,0,0
"POINT (10.847384291000026 52.425581328000078)",Unfall 144319 (2021) Kat:3, Licht: 0,144319,3,6,2,06,14,2,0,0,0,1,0,0,0,0
"POINT (10.753583422000077 52.422438444000079)",Unfall 144326 (2021) Kat:2, Licht: 0,144326,2,6,2,06,13,7,0,0,0,1,0,0,0,0
"POINT (10.782952662000071 52.418857282000033)",Unfall 144402 (2021) Kat:3, Licht: 0,144402,3,6,2,06,15,4,0,0,0,1,0,1,0,0
"POINT (10.791670936000060 52.429271781000068)",Unfall 144463 (2021) Kat:3, Licht: 0,144463,3,3,5,06,11,3,1,0,0,1,0,0,0,0
"POINT (10.783807382000077 52.420391876000053)",Unfall 144589 (2021) Kat:2, Licht: 0,144589,2,3,5,06,07,3,1,0,1,1,0,0,0,0
"POINT (10.786361095000075 52.427812274000075)",Unfall 144613 (2021) Kat:3, Licht: 0,144613,3,3,0,06,10,7,0,0,1,1,0,0,0,0
"POINT (10.846971829000040 52.425653126000043)",Unfall 144687 (2021) Kat:3, Licht: 0,144687,3,6,2,06,14,2,0,0,0,1,0,0,0,0
"POINT (10.746574095000028 52.393660586000067)",Unfall 144719 (2021) Kat:3, Licht: 0,144719,3,3,5,06,13,4,1,0,1,1,0,0,0,0
"POINT (10.832645975000048 52.393685111000082)",Unfall 144789 (2021) Kat:3, Licht: 0,144789,3,3,5,06,16,5,0,0,1,1,0,0,0,0
"POINT (10.721858036000071 52.421333048000065)",Unfall 144813 (2021) Kat:3, Licht: 0,144813,3,3,5,07,10,5,1,0,0,1,0,1,0,0
"POINT (10.829231793000076 52.423944963000054)",Unfall 144835 (2021) Kat:3, Licht: 0,144835,3,1,8,06,06,1,0,0,0,1,0,0,0,0
"POINT (10.721786228000042 52.419297804000053)",Unfall 144838 (2021) Kat:3, Licht: 0,144838,3,3,5,06,10,4,0,0,1,1,0,0,0,0
"POINT (10.785693038000034 52.423538997000037)",Unfall 144930 (2021) Kat:2, Licht: 0,144930,2,2,4,07,14,7,0,0,0,1,0,1,0,0
"POINT (10.752224840000054 52.409772225000040)",Unfall 144980 (2021) Kat:3, Licht: 0,144980,3,6,0,07,20,1,0,0,0,1,0,1,0,0
"POINT (10.786345099000073 52.427812810000034)",Unfall 145014 (2021) Kat:3, Licht: 0,145014,3,3,5,07,14,2,0,0,0,1,0,0,0,1
"POINT (10.776828908000027 52.418733946000032)",Unfall 145130 (2021) Kat:3, Licht: 0,145130,3,3,5,07,10,4,0,0,1,1,0,0,0,0
"POINT (10.757801230000041 52.393490744000076)",Unfall 145229 (2021) Kat:3, Licht: 0,145229,3,3,5,07,07,2,0,0,0,1,0,1,0,0
"POINT (10.780842273000076 52.425184895000029)",Unfall 145251 (2021) Kat:3, Licht: 0,145251,3,2,3,07,13,6,0,0,0,1,0,1,0,0
"POINT (10.795951339000055 52.427953047000074)",Unfall 145330 (2021) Kat:3, Licht: 0,145330,3,3,5,07,17,3,0,0,1,1,0,0,0,0
"POINT (10.736769969000022 52.412964619000036)",Unfall 145405 (2021) Kat:3, Licht: 0,145405,3,3,5,07,13,1,0,0,1,1,0,0,0,0
"POINT (10.781837543000051 52.428191542000036)",Unfall 145441 (2021) Kat:3, Licht: 0,145441,3,3,5,07,15,3,0,0,1,1,0,0,0,0
"POINT (10.776078360000042 52.428225682000061)",Unfall 145551 (2021) Kat:3, Licht: 2,145551,3,2,6,07,22,3,0,2,0,1,1,0,0,0
"POINT (10.748578235000025 52.414668607000067)",Unfall 145552 (2021) Kat:3, Licht: 0,145552,3,3,5,07,07,3,0,0,1,1,0,0,0,0
"POINT (10.786178013000040 52.423474783000074)",Unfall 145556 (2021) Kat:3, Licht: 0,145556,3,6,6,07,18,1,0,0,1,0,1,0,0,0
"POINT (10.720765028000073 52.420737127000052)",Unfall 145585 (2021) Kat:2, Licht: 0,145585,2,5,0,07,09,4,0,0,0,1,0,0,0,1
"POINT (10.786376211000061 52.427811768000026)",Unfall 145684 (2021) Kat:3, Licht: 0,145684,3,2,5,07,07,3,0,0,1,1,0,0,0,0
"POINT (10.715777176000074 52.398457297000050)",Unfall 145865 (2021) Kat:3, Licht: 0,145865,3,7,7,07,17,3,0,0,1,0,0,0,0,1
"POINT (10.748472884000023 52.363417353000045)",Unfall 145882 (2021) Kat:3, Licht: 0,145882,3,6,3,07,17,5,0,0,0,1,0,0,0,0
"POINT (10.752266645000077 52.394155279000074)",Unfall 145909 (2021) Kat:3, Licht: 0,145909,3,7,0,07,12,6,0,0,1,1,0,0,0,0
"POINT (10.807212898000046 52.427124219000063)",Unfall 145939 (2021) Kat:3, Licht: 0,145939,3,3,5,08,10,2,0,0,0,1,0,0,0,1
"POINT (10.731567246000054 52.396018369000046)",Unfall 145946 (2021) Kat:2, Licht: 0,145946,2,3,5,08,20,1,0,0,1,1,0,0,0,0
"POINT (10.785712813000032 52.412424578000071)",Unfall 146037 (2021) Kat:3, Licht: 0,146037,3,3,5,08,11,6,0,0,1,1,0,0,0,0
"POINT (10.784866036000039 52.421738199000060)",Unfall 146068 (2021) Kat:3, Licht: 0,146068,3,2,5,08,09,5,0,0,1,1,0,0,0,0
"POINT (10.727619553000068 52.415800466000064)",Unfall 146088 (2021) Kat:3, Licht: 0,146088,3,3,5,08,12,3,0,0,1,1,0,0,0,0
"POINT (10.715816885000038 52.418356526000082)",Unfall 146133 (2021) Kat:3, Licht: 0,146133,3,7,1,08,10,3,0,0,1,1,0,0,0,0
"POINT (10.785608385000046 52.422929534000048)",Unfall 146180 (2021) Kat:3, Licht: 1,146180,3,6,2,08,19,6,0,1,0,1,0,1,0,0
"POINT (10.809007105000035 52.444329533000030)",Unfall 146271 (2021) Kat:3, Licht: 0,146271,3,7,3,08,09,6,0,0,0,1,0,0,0,0
"POINT (10.782185246000040 52.405033083000035)",Unfall 146563 (2021) Kat:3, Licht: 0,146563,3,3,5,08,16,7,1,0,1,1,0,0,0,0
"POINT (10.801019067000027 52.429394764000051)",Unfall 146593 (2021) Kat:3, Licht: 0,146593,3,3,5,09,10,6,0,0,0,1,0,0,0,0
"POINT (10.752566602000059 52.418682532000048)",Unfall 146611 (2021) Kat:3, Licht: 0,146611,3,6,2,08,18,5,1,0,0,1,0,0,0,0
"POINT (10.797443192000060 52.424774958000057)",Unfall 146744 (2021) Kat:3, Licht: 2,146744,3,1,0,08,21,7,0,2,0,0,0,0,0,1
"POINT (10.848243348000040 52.453511383000034)",Unfall 146780 (2021) Kat:3, Licht: 0,146780,3,3,5,08,08,2,1,0,1,1,0,0,0,0
"POINT (10.771449100000041 52.424666549000051)",Unfall 146829 (2021) Kat:3, Licht: 0,146829,3,5,1,08,14,3,0,0,0,1,0,0,0,0
"POINT (10.743394983000030 52.409473679000030)",Unfall 146897 (2021) Kat:3, Licht: 0,146897,3,3,5,08,15,4,0,0,1,1,0,0,0,0
"POINT (10.838359476000051 52.439795297000046)",Unfall 146947 (2021) Kat:3, Licht: 1,146947,3,1,3,08,06,5,1,1,1,1,0,0,0,0
"POINT (10.781588921000036 52.408901803000049)",Unfall 146984 (2021) Kat:3, Licht: 0,146984,3,3,5,08,11,2,0,0,1,0,0,0,0,0
"POINT (10.796239321000030 52.424194955000075)",Unfall 147059 (2021) Kat:3, Licht: 0,147059,3,3,5,10,07,6,0,0,1,1,0,0,0,0
"POINT (10.796088084000075 52.424297956000032)",Unfall 147162 (2021) Kat:3, Licht: 0,147162,3,3,5,10,12,6,0,0,1,1,0,0,0,0
"POINT (10.687106975000063 52.413772454000082)",Unfall 147196 (2021) Kat:3, Licht: 0,147196,3,3,5,09,13,2,0,0,0,1,0,1,0,0
"POINT (10.741627643000072 52.399313328000062)",Unfall 147218 (2021) Kat:3, Licht: 0,147218,3,2,5,09,17,3,0,0,0,1,0,0,0,1
"POINT (10.787347486000044 52.426420679000046)",Unfall 147234 (2021) Kat:3, Licht: 0,147234,3,6,0,10,17,3,0,0,0,1,1,0,0,0
"POINT (10.757329010000035 52.369910132000030)",Unfall 147274 (2021) Kat:2, Licht: 0,147274,2,1,0,09,16,7,0,0,0,0,0,1,0,0
"POINT (10.773427265000066 52.409820334000074)",Unfall 147372 (2021) Kat:2, Licht: 0,147372,2,1,8,09,17,3,0,0,0,1,0,0,0,0
"POINT (10.764995075000058 52.420571076000044)",Unfall 147447 (2021) Kat:3, Licht: 0,147447,3,3,5,09,13,5,0,0,1,1,0,0,0,0
"POINT (10.782701277000058 52.412943975000076)",Unfall 147469 (2021) Kat:3, Licht: 1,147469,3,3,5,10,18,6,0,1,1,1,0,0,0,0
"POINT (10.791491470000039 52.420258355000044)",Unfall 147522 (2021) Kat:3, Licht: 0,147522,3,7,1,10,18,2,0,0,0,0,0,1,0,1
"POINT (10.847179101000052 52.434433122000030)",Unfall 147575 (2021) Kat:2, Licht: 0,147575,2,3,5,10,07,6,0,0,1,0,0,0,1,0
"POINT (10.839753020000046 52.447303015000045)",Unfall 147612 (2021) Kat:3, Licht: 0,147612,3,3,5,09,08,6,1,0,1,1,0,0,0,0
"POINT (10.846360330000039 52.447610453000038)",Unfall 147694 (2021) Kat:3, Licht: 0,147694,3,3,0,10,08,4,1,0,0,1,0,1,0,0
"POINT (10.729176385000073 52.422514372000080)",Unfall 147707 (2021) Kat:3, Licht: 0,147707,3,6,2,09,16,3,0,0,0,1,0,0,0,0
"POINT (10.743026542000052 52.397192097000072)",Unfall 147721 (2021) Kat:3, Licht: 0,147721,3,3,5,10,16,5,0,0,1,1,0,0,0,0
"POINT (10.805230859000062 52.441737580000051)",Unfall 147731 (2021) Kat:3, Licht: 2,147731,3,3,5,10,00,6,0,2,0,1,0,0,0,1
"POINT (10.748214434000033 52.423732324000071)",Unfall 147739 (2021) Kat:3, Licht: 1,147739,3,4,6,09,06,3,1,1,0,1,1,0,0,0
"POINT (10.792519333000030 52.424225815000057)",Unfall 147844 (2021) Kat:3, Licht: 2,147844,3,2,5,10,19,3,0,2,0,1,0,0,0,1
"POINT (10.801805130000048 52.422504688000060)",Unfall 147903 (2021) Kat:3, Licht: 2,147903,3,2,4,09,20,3,0,2,1,1,0,0,0,0
"POINT (10.825877567000077 52.427128139000047)",Unfall 148015 (2021) Kat:2, Licht: 2,148015,2,7,7,09,05,3,1,2,0,1,0,0,0,0
"POINT (10.739778210000054 52.407838236000032)",Unfall 148117 (2021) Kat:3, Licht: 0,148117,3,3,5,10,13,2,0,0,0,1,0,0,0,0
"POINT (10.785732303000032 52.423171044000071)",Unfall 148145 (2021) Kat:3, Licht: 2,148145,3,6,2,11,17,2,0,2,0,1,0,1,0,0
"POINT (10.725709297000037 52.416727442000081)",Unfall 148249 (2021) Kat:2, Licht: 0,148249,2,3,1,10,13,7,0,0,1,1,0,0,0,0
"POINT (10.820837403000041 52.412410712000053)",Unfall 148276 (2021) Kat:3, Licht: 0,148276,3,2,2,11,08,2,0,0,0,1,0,0,0,0
"POINT (10.745668361000071 52.410014348000061)",Unfall 148291 (2021) Kat:3, Licht: 2,148291,3,1,0,10,21,6,0,2,0,0,0,1,0,0
"POINT (10.762866030000055 52.412342335000062)",Unfall 148395 (2021) Kat:3, Licht: 0,148395,3,1,9,10,12,1,0,0,0,1,0,0,0,0
"POINT (10.788574533000030 52.420968253000069)",Unfall 148402 (2021) Kat:2, Licht: 0,148402,2,6,3,10,11,3,0,0,0,1,0,1,0,0
"POINT (10.766834078000045 52.420987458000070)",Unfall 148425 (2021) Kat:3, Licht: 0,148425,3,7,0,10,09,5,0,0,1,1,0,0,0,0
"POINT (10.748950357000069 52.399172242000077)",Unfall 148495 (2021) Kat:3, Licht: 0,148495,3,2,2,10,14,4,0,0,0,1,0,0,0,0
"POINT (10.786885728000073 52.425160973000061)",Unfall 148549 (2021) Kat:3, Licht: 2,148549,3,5,0,11,18,1,1,2,0,1,0,0,0,0
"POINT (10.803267721000054 52.445637165000051)",Unfall 148676 (2021) Kat:3, Licht: 0,148676,3,5,1,11,08,4,1,0,0,1,0,0,0,1
"POINT (10.791318892000049 52.424875905000079)",Unfall 148838 (2021) Kat:3, Licht: 0,148838,3,6,2,11,09,4,0,0,0,1,0,0,0,0
"POINT (10.838804913000047 52.446295757000030)",Unfall 148853 (2021) Kat:3, Licht: 0,148853,3,7,7,10,08,5,0,0,0,1,0,0,0,0
"POINT (10.788581485000066 52.426386264000030)",Unfall 148929 (2021) Kat:3, Licht: 1,148929,3,2,4,10,18,6,0,1,1,1,0,0,0,0
"POINT (10.785554526000055 52.420103052000059)",Unfall 149005 (2021) Kat:3, Licht: 0,149005,3,7,0,10,16,6,0,0,0,0,1,0,0,1
"POINT (10.734674682000048 52.405603486000075)",Unfall 149059 (2021) Kat:3, Licht: 0,149059,3,6,2,11,13,2,0,0,0,1,0,0,0,1
"POINT (10.786486847000049 52.423490128000026)",Unfall 149074 (2021) Kat:3, Licht: 0,149074,3,7,6,11,13,4,0,0,1,0,1,0,0,0
"POINT (10.751352560000043 52.417331448000027)",Unfall 149157 (2021) Kat:3, Licht: 0,149157,3,3,0,12,11,4,2,0,1,1,0,0,0,0
"POINT (10.712703992000058 52.394073130000038)",Unfall 149179 (2021) Kat:3, Licht: 2,149179,3,2,4,12,07,6,1,2,0,1,0,0,1,0