WKT,Name,OBJECTID,UKATEGORIE,UTYP1,UART,UMONAT,USTUNDE,UWOCHENTAG,STRZUSTAND,ULICHTVERH,ISTRAD,ISTPKW,ISTFUSS,ISTKRAD,ISTGKFZ,ISTSONSTIG
"POINT (10.806977794000034 52.443641593000052)",Unfall 149222 (2021) Kat:3, Licht: 2,149222,3,6,2,12,19,5,1,2,0,1,0,0,0,0
"POINT (10.760690794000027 52.414523418000044)",Unfall 149269 (2021) Kat:3, Licht: 2,149269,3,6,2,12,17,5,0,2,0,1,0,0,0,0
"POINT (10.759989065000070 52.428975511000033)",Unfall 149305 (2021) Kat:3, Licht: 0,149305,3,2,4,11,15,2,0,0,0,1,0,0,0,0
"POINT (10.776089422000041 52.427976670000078)",Unfall 149336 (2021) Kat:2, Licht: 2,149336,2,2,5,12,07,5,0,2,1,1,0,0,0,0
"POINT (10.830452325000067 52.438242444000082)",Unfall 149359 (2021) Kat:3, Licht: 0,149359,3,6,2,12,10,5,1,0,0,1,0,0,0,0
"POINT (10.835238868000033 52.445527223000056)",Unfall 149380 (2021) Kat:3, Licht: 2,149380,3,2,4,12,17,5,0,2,0,1,0,0,0,0
"POINT (10.763291648000063 52.412066701000072)",Unfall 149418 (2021) Kat:3, Licht: 2,149418,3,5,1,11,06,7,0,2,0,1,0,0,0,0
"POINT (10.835836960000051 52.421126802000060)",Unfall 149484 (2021) Kat:3, Licht: 0,149484,3,3,5,12,11,6,0,0,1,1,0,0,0,0
"POINT (10.750637514000061 52.411011612000038)",Unfall 149754 (2021) Kat:2, Licht: 2,149754,2,3,5,12,07,2,1,2,1,1,0,0,0,0
"POINT (10.820596915000067 52.412219866000044)",Unfall 149860 (2021) Kat:3, Licht: 0,149860,3,2,4,11,11,6,0,0,0,1,0,0,0,0
"POINT (10.790026580000074 52.428258484000082)",Unfall 150105 (2021) Kat:3, Licht: 0,150105,3,7,1,12,11,4,1,0,0,1,0,0,0,1
"POINT (10.764728411000021 52.420989618000078)",Unfall 150153 (2021) Kat:3, Licht: 0,150153,3,3,5,12,10,4,1,0,0,1,0,0,0,0
"POINT (10.796997021000038 52.424427949000062)",Unfall 150204 (2021) Kat:3, Licht: 2,150204,3,6,2,11,17,5,0,2,0,1,0,0,0,0
"POINT (10.752157320000038 52.418722539000044)",Unfall 150229 (2021) Kat:3, Licht: 0,150229,3,2,5,12,14,3,1,0,1,1,0,0,0,0
"POINT (10.784690189000059 52.421880345000034)",Unfall 150875 (2021) Kat:3, Licht: 2,150875,3,2,4,12,17,2,1,2,0,1,0,0,0,1
"POINT (10.714984122000033 52.416447532000063)",Unfall 150933 (2021) Kat:3, Licht: 0,150933,3,3,5,12,09,3,1,0,0,1,0,0,0,0
"POINT (10.754524230000072 52.400340487000051)",Unfall 233614 (2021) Kat:3, Licht: 0,233614,3,3,0,03,13,7,0,0,1,1,0,0,0,0
"POINT (10.706323966000070 52.414963812000053)",Unfall 233694 (2021) Kat:2, Licht: 0,233694,2,6,4,06,15,2,0,0,1,0,0,0,0,1
"POINT (10.754945519000046 52.409923977000062)",Unfall 233738 (2021) Kat:3, Licht: 0,233738,3,7,0,07,18,4,0,0,1,0,0,0,0,0
"POINT (10.805609745000027 52.444311622000043)",Unfall 233842 (2021) Kat:3, Licht: 0,233842,3,7,0,09,16,5,0,0,1,0,0,0,0,1
"POINT (10.730409399000052 52.385442536000028)",Unfall 233858 (2021) Kat:3, Licht: 0,233858,3,1,4,09,11,2,1,0,1,1,0,0,0,0
"POINT (10.844273318000001 52.437266935000103)",Unfall 7730 (2022) Kat:3, Licht: 1,7730,3,3,5,02,07,5,1,1,1,1,0,0,0,0
"POINT (10.736281381000000 52.437135648000002)",Unfall 7748 (2022) Kat:3, Licht: 0,7748,3,6,2,02,09,3,1,0,0,1,0,0,0,0
"POINT (10.827779635000100 52.448711171000099)",Unfall 7819 (2022) Kat:3, Licht: 2,7819,3,6,2,02,17,5,1,2,0,1,0,0,0,0
"POINT (10.831432808000001 52.452139794000097)",Unfall 7839 (2022) Kat:3, Licht: 0,7839,3,2,4,01,13,7,1,0,0,1,0,0,0,0
"POINT (10.860040935000001 52.347203016000002)",Unfall 7937 (2022) Kat:3, Licht: 0,7937,3,6,2,01,14,3,0,0,0,0,0,1,0,1
"POINT (10.790958582000000 52.444828436000101)",Unfall 8626 (2022) Kat:3, Licht: 0,8626,3,6,2,02,11,3,1,0,0,1,0,0,0,0
"POINT (10.841857136000000 52.404612649000100)",Unfall 9384 (2022) Kat:3, Licht: 0,9384,3,1,9,02,16,4,0,0,0,1,0,0,0,0
"POINT (10.855538348000000 52.356577305000002)",Unfall 9711 (2022) Kat:2, Licht: 1,9711,2,1,9,03,18,2,1,1,0,1,0,0,0,0
"POINT (10.861784360000099 52.416666248000098)",Unfall 9719 (2022) Kat:3, Licht: 2,9719,3,6,2,02,17,5,0,2,0,1,0,0,0,0
"POINT (10.829812457000100 52.450508419000101)",Unfall 9761 (2022) Kat:3, Licht: 2,9761,3,2,4,02,23,7,1,2,0,1,0,0,0,0
"POINT (10.831478067999999 52.452194331999998)",Unfall 9811 (2022) Kat:3, Licht: 0,9811,3,2,5,02,11,1,0,0,0,1,0,0,0,0
"POINT (10.737054351999999 52.386773931999997)",Unfall 9939 (2022) Kat:3, Licht: 0,9939,3,6,2,02,16,7,0,0,0,1,0,0,0,0
"POINT (10.831371814000001 52.452195635000102)",Unfall 10064 (2022) Kat:3, Licht: 0,10064,3,2,5,03,09,7,0,0,0,1,0,0,0,0
"POINT (10.825442539999999 52.444740071000098)",Unfall 10075 (2022) Kat:3, Licht: 2,10075,3,3,5,03,18,3,0,2,0,1,0,0,0,0
"POINT (10.829697970000000 52.450408295000003)",Unfall 10385 (2022) Kat:3, Licht: 0,10385,3,6,2,02,14,4,1,0,0,1,0,0,0,1
"POINT (10.863392906000101 52.465760791000001)",Unfall 10406 (2022) Kat:2, Licht: 2,10406,2,1,9,03,00,4,0,2,0,1,0,0,0,0
"POINT (10.753987998000101 52.424689780000101)",Unfall 10426 (2022) Kat:3, Licht: 2,10426,3,1,8,02,22,6,1,2,0,1,0,0,0,0
"POINT (10.732066300000000 52.406176109000100)",Unfall 10436 (2022) Kat:3, Licht: 1,10436,3,7,8,03,05,4,1,1,0,1,0,0,0,0
"POINT (10.736991047000100 52.418296329000000)",Unfall 10516 (2022) Kat:2, Licht: 0,10516,2,6,2,02,08,2,0,0,0,1,0,0,1,0
"POINT (10.737234581999999 52.433323051999999)",Unfall 10948 (2022) Kat:3, Licht: 0,10948,3,6,2,02,14,6,1,0,0,1,0,0,0,0
"POINT (10.790944659000001 52.444841549000003)",Unfall 11440 (2022) Kat:3, Licht: 0,11440,3,6,2,04,07,2,1,0,0,1,0,0,0,0
"POINT (10.865474574000100 52.466992576999999)",Unfall 11518 (2022) Kat:2, Licht: 0,11518,2,6,4,03,15,3,0,0,0,1,0,0,0,0
"POINT (10.829312969000100 52.438160034000099)",Unfall 11794 (2022) Kat:2, Licht: 1,11794,2,1,8,05,20,2,0,1,0,0,0,1,0,0
"POINT (10.699556497000099 52.417203567000101)",Unfall 11888 (2022) Kat:3, Licht: 0,11888,3,6,2,04,09,4,0,0,0,1,0,1,0,0
"POINT (10.794774781000100 52.439434910000003)",Unfall 12049 (2022) Kat:2, Licht: 0,12049,2,1,8,04,11,2,0,0,0,1,0,0,0,0
"POINT (10.782038030000001 52.453243460000103)",Unfall 12076 (2022) Kat:3, Licht: 0,12076,3,2,4,05,10,3,0,0,0,1,0,0,0,0
"POINT (10.836603824000100 52.401491280000101)",Unfall 12414 (2022) Kat:3, Licht: 0,12414,3,6,2,03,13,2,0,0,0,1,0,0,0,0
"POINT (10.674283044999999 52.400261785000097)",Unfall 12530 (2022) Kat:2, Licht: 0,12530,2,6,2,05,09,5,0,0,1,1,0,0,0,0
"POINT (10.767816160000100 52.403522998000000)",Unfall 13311 (2022) Kat:3, Licht: 2,13311,3,7,7,05,23,3,0,2,0,1,0,0,0,0
"POINT (10.835421701000000 52.402571489000103)",Unfall 13459 (2022) Kat:3, Licht: 0,13459,3,6,2,05,15,2,0,0,0,1,0,0,0,0
"POINT (10.729072521000001 52.422587271000097)",Unfall 13518 (2022) Kat:3, Licht: 0,13518,3,3,5,03,18,2,0,0,0,1,0,0,0,0
"POINT (10.738523252000000 52.368932563999998)",Unfall 13577 (2022) Kat:3, Licht: 0,13577,3,2,5,04,14,5,0,0,0,1,0,1,0,0
"POINT (10.836018166000001 52.436468117000103)",Unfall 14114 (2022) Kat:3, Licht: 0,14114,3,6,2,06,14,4,0,0,0,1,0,0,0,0
"POINT (10.790900143000000 52.444883477000097)",Unfall 14115 (2022) Kat:3, Licht: 0,14115,3,6,2,06,13,4,0,0,0,1,0,0,0,0
"POINT (10.774077817000000 52.453846487000099)",Unfall 14342 (2022) Kat:3, Licht: 0,14342,3,1,9,07,13,3,0,0,0,1,0,0,0,0
"POINT (10.847751398000099 52.407420801000100)",Unfall 14404 (2022) Kat:3, Licht: 0,14404,3,3,5,06,09,6,0,0,0,1,0,0,0,0
"POINT (10.716252754999999 52.393532091000097)",Unfall 14783 (2022) Kat:3, Licht: 0,14783,3,3,5,05,16,4,0,0,1,1,0,0,0,0
"POINT (10.735969784000099 52.412922041000101)",Unfall 14986 (2022) Kat:3, Licht: 0,14986,3,6,2,06,07,3,0,0,0,1,0,0,0,0
"POINT (10.839090866999999 52.396859929000101)",Unfall 15246 (2022) Kat:3, Licht: 0,15246,3,3,5,06,20,5,0,0,1,1,0,0,0,0
"POINT (10.779208958000000 52.452232754000100)",Unfall 15412 (2022) Kat:3, Licht: 0,15412,3,1,0,06,15,3,0,0,0,1,0,0,0,0
"POINT (10.786378308000099 52.427896093000101)",Unfall 15433 (2022) Kat:3, Licht: 0,15433,3,3,5,05,17,3,0,0,1,1,0,0,0,0
"POINT (10.831451651000100 52.452161810000099)",Unfall 15901 (2022) Kat:3, Licht: 2,15901,3,2,4,06,22,5,0,2,0,1,0,0,0,0
"POINT (10.840759290999999 52.437722361000098)",Unfall 15997 (2022) Kat:3, Licht: 0,15997,3,3,0,07,13,1,0,0,0,1,0,0,0,1
"POINT (10.847758580000100 52.433608993000099)",Unfall 17112 (2022) Kat:3, Licht: 0,17112,3,6,2,06,08,2,1,0,0,1,0,0,0,0
"POINT (10.800158371000100 52.480378245000097)",Unfall 17133 (2022) Kat:3, Licht: 0,17133,3,7,9,06,13,1,0,0,0,1,0,0,0,0
"POINT (10.848894510999999 52.372252592999999)",Unfall 17141 (2022) Kat:2, Licht: 0,17141,2,1,4,06,06,4,0,0,0,1,0,0,1,0
"POINT (10.753743890000100 52.424757648000103)",Unfall 18096 (2022) Kat:3, Licht: 0,18096,3,6,2,09,14,6,1,0,0,1,0,0,0,0
"POINT (10.839890949000100 52.393261742999996)",Unfall 18118 (2022) Kat:2, Licht: 0,18118,2,1,8,09,14,1,0,0,0,0,0,1,0,0
"POINT (10.831263809000101 52.452241393000101)",Unfall 18319 (2022) Kat:3, Licht: 0,18319,3,6,2,08,09,4,0,0,0,1,0,0,0,0
"POINT (10.823042955000099 52.450149775000099)",Unfall 18964 (2022) Kat:3, Licht: 0,18964,3,1,9,09,15,4,0,0,0,1,0,0,0,0
"POINT (10.743231729000099 52.369171735000101)",Unfall 19442 (2022) Kat:3, Licht: 0,19442,3,6,2,09,16,3,1,0,0,1,0,0,0,0
"POINT (10.770115276000100 52.454947056000002)",Unfall 19535 (2022) Kat:3, Licht: 0,19535,3,6,2,10,18,7,1,0,0,1,0,0,0,0
"POINT (10.736078278999999 52.438544465000099)",Unfall 19681 (2022) Kat:2, Licht: 0,19681,2,6,2,10,09,1,1,0,0,1,0,0,0,0
"POINT (10.820249776000001 52.468345227000000)",Unfall 19685 (2022) Kat:3, Licht: 0,19685,3,1,8,09,06,1,1,0,0,1,0,0,0,0
"POINT (10.844587955000099 52.437082039000103)",Unfall 19689 (2022) Kat:3, Licht: 0,19689,3,3,5,11,12,3,0,0,1,1,0,0,0,0
"POINT (10.814533386000100 52.390185775000099)",Unfall 19816 (2022) Kat:2, Licht: 2,19816,2,1,8,10,19,2,1,2,0,1,0,0,0,0
"POINT (10.736297568000101 52.393740353000098)",Unfall 20214 (2022) Kat:3, Licht: 2,20214,3,3,5,11,17,3,0,2,1,1,0,0,0,0
"POINT (10.738811259000000 52.450816705000101)",Unfall 20539 (2022) Kat:3, Licht: 2,20539,3,6,2,10,19,2,0,2,0,1,0,0,0,0
"POINT (10.851466631000100 52.385426058000100)",Unfall 20722 (2022) Kat:3, Licht: 0,20722,3,3,5,11,07,3,0,0,0,1,0,0,0,0
"POINT (10.831132394000100 52.391870376000000)",Unfall 20910 (2022) Kat:3, Licht: 0,20910,3,2,4,11,15,4,0,0,0,1,0,0,0,0
"POINT (10.660525577000000 52.401285303000101)",Unfall 21002 (2022) Kat:3, Licht: 1,21002,3,3,5,09,18,6,1,1,0,1,0,0,0,0
"POINT (10.771754255000101 52.481652846000003)",Unfall 21607 (2022) Kat:2, Licht: 0,21607,2,1,9,09,14,2,0,0,0,1,0,0,0,0
"POINT (10.805804765000101 52.437997782000103)",Unfall 21871 (2022) Kat:3, Licht: 0,21871,3,6,2,11,07,3,0,0,0,1,0,0,0,0
"POINT (10.771460542000099 52.483632090000100)",Unfall 22044 (2022) Kat:3, Licht: 2,22044,3,1,8,12,03,6,0,2,0,1,0,0,0,0
"POINT (10.825401136000000 52.440915638000000)",Unfall 22438 (2022) Kat:3, Licht: 0,22438,3,6,2,11,13,5,1,0,0,1,0,0,0,0
"POINT (10.703355974999999 52.407732059000097)",Unfall 22447 (2022) Kat:3, Licht: 2,22447,3,1,8,12,01,3,1,2,0,1,0,0,0,0
"POINT (10.798928625000000 52.427386820999999)",Unfall 22769 (2022) Kat:3, Licht: 0,22769,3,3,5,11,11,2,0,0,0,1,0,0,0,0
"POINT (10.847994529000101 52.406349548000001)",Unfall 23309 (2022) Kat:2, Licht: 2,23309,2,6,4,11,06,3,1,2,0,1,0,0,0,1
"POINT (10.829700241000101 52.450410281000103)",Unfall 23566 (2022) Kat:3, Licht: 0,23566,3,3,5,11,08,3,0,0,0,1,0,0,0,0
"POINT (10.736134751000099 52.438322073999998)",Unfall 23574 (2022) Kat:3, Licht: 2,23574,3,1,9,12,07,2,0,2,0,1,0,0,0,0
"POINT (10.738491569000100 52.368930962000000)",Unfall 23705 (2022) Kat:2, Licht: 0,23705,2,2,5,12,08,7,1,0,0,1,0,0,0,0
"POINT (10.742843923000100 52.377615591000101)",Unfall 23771 (2022) Kat:3, Licht: 1,23771,3,7,8,11,19,1,0,1,0,1,0,0,0,0
"POINT (10.829901274000100 52.405017353000098)",Unfall 23774 (2022) Kat:3, Licht: 2,23774,3,6,2,12,17,2,1,2,0,1,0,0,0,0
"POINT (10.729080928000000 52.422587641000099)",Unfall 23961 (2022) Kat:3, Licht: 2,23961,3,2,6,12,07,2,1,2,0,1,1,0,0,0
"POINT (10.731926606000100 52.385031180000098)",Unfall 24611 (2022) Kat:3, Licht: 1,24611,3,1,8,12,15,4,2,1,0,1,0,0,0,0
"POINT (10.704006153000000 52.408531448000097)",Unfall 24653 (2022) Kat:3, Licht: 2,24653,3,1,9,11,21,4,0,2,0,1,0,0,0,0
"POINT (10.828179532000000 52.449080289999998)",Unfall 154122 (2022) Kat:3, Licht: 0,154122,3,1,0,01,13,2,1,0,0,0,0,1,0,0
"POINT (10.788498384000000 52.427441359000099)",Unfall 154270 (2022) Kat:3, Licht: 0,154270,3,7,5,01,15,2,1,0,1,0,0,0,0,1
"POINT (10.753828636000000 52.423272887000103)",Unfall 154301 (2022) Kat:3, Licht: 0,154301,3,3,5,01,12,4,0,0,0,1,0,0,0,0
"POINT (10.770940582000000 52.424795332000002)",Unfall 154578 (2022) Kat:2, Licht: 0,154578,2,3,5,02,07,4,1,0,0,1,0,0,0,1
"POINT (10.722268488000100 52.420519307000099)",Unfall 154582 (2022) Kat:3, Licht: 2,154582,3,3,5,02,19,5,1,2,0,1,0,0,0,0
"POINT (10.789474274000000 52.425469980999999)",Unfall 154599 (2022) Kat:3, Licht: 0,154599,3,4,6,01,15,4,0,0,0,1,1,0,0,0
"POINT (10.785122866000100 52.422021848000000)",Unfall 154703 (2022) Kat:3, Licht: 0,154703,3,2,5,02,11,5,1,0,0,1,0,0,0,1
"POINT (10.744117541000000 52.398559054000003)",Unfall 154803 (2022) Kat:3, Licht: 1,154803,3,3,5,01,07,6,1,1,0,1,0,0,0,0
"POINT (10.790322772000000 52.427856976999998)",Unfall 155071 (2022) Kat:3, Licht: 2,155071,3,3,0,02,19,7,0,2,0,1,0,0,0,1
"POINT (10.835580020000100 52.333772013999997)",Unfall 155123 (2022) Kat:2, Licht: 2,155123,2,1,9,01,06,2,1,2,0,1,0,0,0,0
"POINT (10.796928438000100 52.424281532000101)",Unfall 155155 (2022) Kat:3, Licht: 2,155155,3,2,2,03,23,2,0,2,0,1,0,0,0,0
"POINT (10.724097169000100 52.398476280000096)",Unfall 155195 (2022) Kat:3, Licht: 0,155195,3,6,3,03,13,3,0,0,1,0,0,0,0,0
"POINT (10.805776327000000 52.420880898000100)",Unfall 155221 (2022) Kat:2, Licht: 2,155221,2,5,1,02,22,6,1,2,0,1,0,0,0,0
"POINT (10.755021101000100 52.393094537000103)",Unfall 155371 (2022) Kat:3, Licht: 0,155371,3,6,2,03,12,7,0,0,0,1,0,0,0,0
"POINT (10.744862861000099 52.372846636000098)",Unfall 155383 (2022) Kat:3, Licht: 0,155383,3,3,5,02,15,5,0,0,1,1,0,0,0,0
"POINT (10.849925538000001 52.450971110000097)",Unfall 155386 (2022) Kat:3, Licht: 2,155386,3,2,5,03,21,1,0,2,0,1,0,0,0,0
"POINT (10.831640023000000 52.401381680000000)",Unfall 155584 (2022) Kat:3, Licht: 0,155584,3,6,3,03,17,7,0,0,0,1,0,0,0,1
"POINT (10.790786600000001 52.428202288000101)",Unfall 155585 (2022) Kat:3, Licht: 0,155585,3,3,5,03,16,3,0,0,0,1,0,0,0,0
"POINT (10.763678628999999 52.420857017000102)",Unfall 155605 (2022) Kat:3, Licht: 0,155605,3,6,2,03,11,2,0,0,0,1,0,0,0,0
"POINT (10.715212370000099 52.412031200000101)",Unfall 155607 (2022) Kat:3, Licht: 2,155607,3,3,5,03,19,2,0,2,0,1,0,0,0,0
"POINT (10.789607377999999 52.416538373000002)",Unfall 155630 (2022) Kat:3, Licht: 0,155630,3,2,2,02,11,5,1,0,0,1,0,0,1,0
"POINT (10.797369051000000 52.424669051000102)",Unfall 155632 (2022) Kat:3, Licht: 2,155632,3,2,5,03,19,4,0,2,0,1,0,0,0,1
"POINT (10.746770054000001 52.392797454000103)",Unfall 155682 (2022) Kat:3, Licht: 0,155682,3,3,5,03,13,4,0,0,0,1,0,0,0,1
"POINT (10.840696159000100 52.438755604999997)",Unfall 155728 (2022) Kat:3, Licht: 0,155728,3,6,2,02,09,3,0,0,1,1,0,0,0,0
"POINT (10.752740749999999 52.396665415000001)",Unfall 155790 (2022) Kat:3, Licht: 0,155790,3,3,5,03,09,2,0,0,0,1,0,0,0,1
"POINT (10.789957039000100 52.426137662000002)",Unfall 155877 (2022) Kat:3, Licht: 2,155877,3,2,2,02,18,1,0,2,0,1,0,1,0,0
"POINT (10.844847369000000 52.436879949000101)",Unfall 155989 (2022) Kat:3, Licht: 0,155989,3,6,2,02,16,5,0,0,0,1,0,0,0,0
"POINT (10.753850176000100 52.419239308000002)",Unfall 156060 (2022) Kat:3, Licht: 0,156060,3,2,3,03,11,6,0,0,1,1,0,0,0,0
"POINT (10.751028840000100 52.395556854000098)",Unfall 156092 (2022) Kat:3, Licht: 1,156092,3,4,6,03,06,5,0,1,0,1,1,0,0,0
"POINT (10.770162521000000 52.425529763000000)",Unfall 156094 (2022) Kat:2, Licht: 0,156094,2,2,5,03,16,3,0,0,1,1,0,0,0,0
"POINT (10.807181228999999 52.441580053999999)",Unfall 156097 (2022) Kat:3, Licht: 0,156097,3,6,0,02,12,2,1,0,0,1,0,0,0,1
"POINT (10.786979021000001 52.442112647000002)",Unfall 156127 (2022) Kat:3, Licht: 2,156127,3,3,5,02,05,6,0,2,1,1,0,0,0,0
"POINT (10.813246173000000 52.427127548999998)",Unfall 156219 (2022) Kat:3, Licht: 0,156219,3,3,0,04,18,3,0,0,1,1,0,0,0,0
"POINT (10.784541503000099 52.416770513000102)",Unfall 156230 (2022) Kat:3, Licht: 0,156230,3,6,2,04,15,6,0,0,0,1,0,0,0,1
"POINT (10.785217172999999 52.421782039999997)",Unfall 156280 (2022) Kat:3, Licht: 0,156280,3,2,5,04,18,7,0,0,0,1,0,0,0,1
"POINT (10.728174418000000 52.421769543000003)",Unfall 156284 (2022) Kat:3, Licht: 2,156284,3,3,5,04,01,1,0,2,0,1,0,0,0,0
"POINT (10.770049919000000 52.350791872000102)",Unfall 156286 (2022) Kat:3, Licht: 0,156286,3,3,5,04,07,4,0,0,0,1,0,0,0,0
"POINT (10.757081020999999 52.419979786000098)",Unfall 156313 (2022) Kat:3, Licht: 0,156313,3,6,0,04,06,3,0,0,0,1,0,0,1,0
"POINT (10.835286019000000 52.445302294999998)",Unfall 156328 (2022) Kat:3, Licht: 0,156328,3,2,2,05,12,3,0,0,1,0,0,0,0,1
"POINT (10.788250946000099 52.421046904000001)",Unfall 156337 (2022) Kat:3, Licht: 0,156337,3,2,5,05,15,2,0,0,0,1,0,0,0,1
"POINT (10.783828164000100 52.443890642000000)",Unfall 156364 (2022) Kat:3, Licht: 0,156364,3,2,3,04,07,6,1,0,0,1,0,0,0,1
"POINT (10.723898269000101 52.398398393000001)",Unfall 156453 (2022) Kat:3, Licht: 0,156453,3,3,5,03,07,2,0,0,0,1,0,0,0,1
"POINT (10.767433440000000 52.418091441000101)",Unfall 156596 (2022) Kat:3, Licht: 1,156596,3,7,8,03,19,4,0,1,0,1,0,0,0,0
"POINT (10.754184576000100 52.398160817000097)",Unfall 156635 (2022) Kat:3, Licht: 0,156635,3,5,0,04,18,5,0,0,0,1,0,1,0,0
"POINT (10.745409980000000 52.401477270999997)",Unfall 156783 (2022) Kat:3, Licht: 0,156783,3,1,8,04,14,2,0,0,0,1,0,0,0,0
"POINT (10.718556467999999 52.420852912999997)",Unfall 156785 (2022) Kat:3, Licht: 0,156785,3,6,2,04,12,6,0,0,0,1,0,0,0,0
"POINT (10.792155125000001 52.427683048000098)",Unfall 156804 (2022) Kat:3, Licht: 0,156804,3,3,5,03,15,2,0,0,1,1,0,0,0,0
"POINT (10.772998716000100 52.472142992000002)",Unfall 156811 (2022) Kat:3, Licht: 0,156811,3,3,5,04,15,2,0,0,1,1,0,0,0,0
"POINT (10.738479382000000 52.369216436000002)",Unfall 156869 (2022) Kat:2, Licht: 0,156869,2,2,5,04,13,4,0,0,1,1,0,0,0,0
"POINT (10.779852918000101 52.408841890000097)",Unfall 156875 (2022) Kat:3, Licht: 0,156875,3,6,2,03,16,3,0,0,0,1,0,0,0,0
"POINT (10.753027313000100 52.396920060000099)",Unfall 156914 (2022) Kat:3, Licht: 0,156914,3,6,2,04,09,4,0,0,0,1,0,0,0,0
"POINT (10.716032364000100 52.411295695000000)",Unfall 156986 (2022) Kat:3, Licht: 0,156986,3,7,2,05,11,3,0,0,0,1,0,1,0,0
"POINT (10.841665120000100 52.426627717000002)",Unfall 157191 (2022) Kat:3, Licht: 0,157191,3,2,2,04,11,5,0,0,0,1,0,0,0,1
"POINT (10.740734525000100 52.417091552000002)",Unfall 157348 (2022) Kat:2, Licht: 0,157348,2,3,5,05,15,6,0,0,1,1,0,0,0,0
"POINT (10.768779624000000 52.426684108000103)",Unfall 157361 (2022) Kat:2, Licht: 0,157361,2,3,5,05,18,4,0,0,0,1,0,0,0,0
"POINT (10.798413960000101 52.433079873000104)",Unfall 157436 (2022) Kat:3, Licht: 2,157436,3,2,4,05,22,3,0,2,0,1,0,0,0,1
"POINT (10.862382201999999 52.422983432000102)",Unfall 157581 (2022) Kat:3, Licht: 0,157581,3,3,5,05,12,3,0,0,0,1,0,0,0,0
"POINT (10.787075371000100 52.425153996000098)",Unfall 157590 (2022) Kat:3, Licht: 0,157590,3,7,0,05,16,7,0,0,0,0,0,0,0,1
"POINT (10.760892715000100 52.424076989000099)",Unfall 157605 (2022) Kat:3, Licht: 0,157605,3,6,0,05,06,2,0,0,0,1,0,1,0,0
"POINT (10.862452287000099 52.423109341000000)",Unfall 157663 (2022) Kat:3, Licht: 0,157663,3,1,8,05,15,1,0,0,0,1,0,0,0,0
"POINT (10.726285314000100 52.370449345000097)",Unfall 157707 (2022) Kat:3, Licht: 0,157707,3,2,4,05,13,6,0,0,0,1,0,1,0,0
"POINT (10.808678295000000 52.424328129000102)",Unfall 157833 (2022) Kat:3, Licht: 0,157833,3,3,5,05,17,6,0,0,1,1,0,0,0,0
"POINT (10.836537827000001 52.441470874000103)",Unfall 157889 (2022) Kat:3, Licht: 0,157889,3,1,8,05,06,3,0,0,0,1,0,0,0,0
"POINT (10.754115203000000 52.395041745000100)",Unfall 157902 (2022) Kat:3, Licht: 0,157902,3,3,5,05,10,5,0,0,0,1,0,1,0,0
"POINT (10.842607356000000 52.444960477000102)",Unfall 158056 (2022) Kat:3, Licht: 0,158056,3,6,0,05,09,3,0,0,0,1,0,0,0,0
"POINT (10.744656492000001 52.406615229000103)",Unfall 158087 (2022) Kat:3, Licht: 0,158087,3,3,5,05,14,4,0,0,1,1,0,0,0,0
"POINT (10.735784759000101 52.393919357000101)",Unfall 158142 (2022) Kat:3, Licht: 0,158142,3,3,5,05,16,5,0,0,0,1,0,0,0,1
"POINT (10.847802674000000 52.431959008000000)",Unfall 158181 (2022) Kat:2, Licht: 0,158181,2,3,5,05,11,4,0,0,1,1,0,0,0,0
"POINT (10.860108282000100 52.432910289000098)",Unfall 158262 (2022) Kat:3, Licht: 0,158262,3,7,5,05,07,2,0,0,1,1,0,0,0,0
"POINT (10.781702124000001 52.407718246999998)",Unfall 158360 (2022) Kat:3, Licht: 0,158360,3,4,6,05,15,5,0,0,0,1,1,0,0,0
"POINT (10.755021101000100 52.393094537000103)",Unfall 158415 (2022) Kat:3, Licht: 0,158415,3,3,5,06,19,3,0,0,0,1,0,0,0,0
"POINT (10.705176066000000 52.421091514000103)",Unfall 158431 (2022) Kat:3, Licht: 0,158431,3,3,5,06,13,6,1,0,1,1,0,0,0,0
"POINT (10.727132065999999 52.415042667000101)",Unfall 158450 (2022) Kat:3, Licht: 0,158450,3,2,5,06,16,2,0,0,0,1,0,0,0,0
"POINT (10.787937657000001 52.428750387999997)",Unfall 158532 (2022) Kat:3, Licht: 0,158532,3,3,5,06,11,7,0,0,0,1,0,0,0,1