WKT,Name,OBJECTID,UKATEGORIE,UTYP1,UART,UMONAT,USTUNDE,UWOCHENTAG,STRZUSTAND,ULICHTVERH,ISTRAD,ISTPKW,ISTFUSS,ISTKRAD,ISTGKFZ,ISTSONSTIG
"POINT (10.739929776000100 52.409089377999997)",Unfall 158687 (2022) Kat:3, Licht: 0,158687,3,6,4,06,14,5,0,0,0,1,0,1,0,0
"POINT (10.714703401000101 52.435601668000103)",Unfall 158721 (2022) Kat:3, Licht: 2,158721,3,2,5,06,01,1,0,2,0,1,0,0,0,1
"POINT (10.715976774000101 52.424199585000103)",Unfall 158750 (2022) Kat:3, Licht: 0,158750,3,6,2,06,07,6,0,0,0,1,0,0,0,0
"POINT (10.800705861999999 52.433628881000097)",Unfall 158853 (2022) Kat:3, Licht: 0,158853,3,3,5,06,13,3,0,0,0,1,0,0,0,1
"POINT (10.785919580000000 52.425298375000096)",Unfall 158948 (2022) Kat:2, Licht: 0,158948,2,2,4,06,18,3,0,0,1,1,0,0,0,0
"POINT (10.753484200999999 52.421899539000002)",Unfall 158981 (2022) Kat:2, Licht: 0,158981,2,3,5,06,12,4,0,0,1,1,0,0,0,0
"POINT (10.791059228000099 52.428002138000103)",Unfall 158984 (2022) Kat:3, Licht: 0,158984,3,3,5,06,16,2,0,0,0,1,0,0,0,1
"POINT (10.734915201000000 52.413529930000003)",Unfall 158996 (2022) Kat:3, Licht: 0,158996,3,3,5,06,14,5,0,0,1,1,0,0,0,0
"POINT (10.767355574000000 52.418875212000003)",Unfall 159098 (2022) Kat:3, Licht: 0,159098,3,3,5,06,07,5,0,0,1,1,0,0,0,0
"POINT (10.720764684000100 52.422234228999997)",Unfall 159336 (2022) Kat:3, Licht: 0,159336,3,6,3,06,07,5,0,0,1,1,0,0,0,0
"POINT (10.802373180000099 52.431567584000000)",Unfall 159402 (2022) Kat:3, Licht: 0,159402,3,3,1,06,12,4,0,0,1,1,0,0,0,0
"POINT (10.829901138000000 52.426260893000098)",Unfall 159435 (2022) Kat:2, Licht: 2,159435,2,2,4,07,00,2,0,2,0,1,0,1,0,0
"POINT (10.761723818000100 52.420395953000103)",Unfall 159466 (2022) Kat:3, Licht: 0,159466,3,6,2,07,08,5,1,0,0,1,0,0,0,0
"POINT (10.823900901000099 52.421642450000000)",Unfall 159537 (2022) Kat:3, Licht: 0,159537,3,1,9,08,16,2,0,0,0,0,0,1,0,0
"POINT (10.723883635000000 52.415733060000001)",Unfall 159572 (2022) Kat:3, Licht: 0,159572,3,3,5,07,07,4,0,0,1,1,0,0,0,0
"POINT (10.871086346000000 52.427274119000103)",Unfall 159621 (2022) Kat:3, Licht: 0,159621,3,1,8,07,18,4,0,0,0,1,0,0,0,0
"POINT (10.778375646000001 52.426871798000001)",Unfall 159707 (2022) Kat:3, Licht: 0,159707,3,4,6,07,17,2,0,0,0,1,1,0,0,0
"POINT (10.818044737999999 52.414866534000097)",Unfall 159729 (2022) Kat:3, Licht: 0,159729,3,3,5,07,10,3,0,0,1,1,0,0,0,0
"POINT (10.785715352000100 52.423138006999999)",Unfall 159826 (2022) Kat:3, Licht: 0,159826,3,4,6,07,15,2,0,0,0,1,1,0,0,0
"POINT (10.805293055000000 52.427213794000103)",Unfall 160100 (2022) Kat:2, Licht: 0,160100,2,3,5,07,15,2,0,0,1,1,0,0,0,0
"POINT (10.715196997000000 52.420598826000102)",Unfall 160196 (2022) Kat:3, Licht: 0,160196,3,3,5,07,12,2,0,0,0,1,0,1,0,0
"POINT (10.805128952000100 52.452735243000099)",Unfall 160347 (2022) Kat:3, Licht: 0,160347,3,7,9,07,17,5,0,0,0,0,0,1,0,0
"POINT (10.799109811000100 52.434947923999999)",Unfall 160438 (2022) Kat:2, Licht: 2,160438,2,3,5,07,22,6,0,2,1,1,0,0,0,0
"POINT (10.695062141000101 52.424747087000100)",Unfall 160440 (2022) Kat:2, Licht: 0,160440,2,2,5,07,11,3,0,0,0,1,0,1,0,0
"POINT (10.745907055000000 52.401207296999999)",Unfall 160624 (2022) Kat:3, Licht: 0,160624,3,6,2,08,15,5,0,0,0,1,0,0,0,0
"POINT (10.735289895000101 52.413410915000000)",Unfall 160627 (2022) Kat:3, Licht: 0,160627,3,6,2,08,16,2,0,0,0,1,0,0,0,0
"POINT (10.815994898000000 52.426913506000098)",Unfall 160779 (2022) Kat:3, Licht: 0,160779,3,3,5,09,12,5,0,0,0,1,0,1,0,0
"POINT (10.757243058000000 52.419997185000099)",Unfall 160795 (2022) Kat:1, Licht: 2,160795,1,6,4,09,22,7,0,2,0,1,0,1,0,0
"POINT (10.845006259000099 52.462645795000100)",Unfall 160871 (2022) Kat:3, Licht: 0,160871,3,7,0,08,18,6,1,0,0,1,1,0,0,0
"POINT (10.754220538000000 52.423772433000103)",Unfall 161081 (2022) Kat:2, Licht: 1,161081,2,2,5,08,20,4,0,1,1,1,0,0,0,0
"POINT (10.853135828000100 52.389174608000097)",Unfall 161215 (2022) Kat:3, Licht: 0,161215,3,2,5,08,19,3,0,0,1,1,0,0,0,0
"POINT (10.791976711000100 52.426885221000099)",Unfall 161276 (2022) Kat:3, Licht: 0,161276,3,5,5,08,17,4,0,0,0,1,0,1,0,0
"POINT (10.720712643000100 52.417744346000099)",Unfall 161289 (2022) Kat:3, Licht: 0,161289,3,3,5,08,11,2,0,0,0,1,0,1,0,0
"POINT (10.781883528000000 52.425255000000000)",Unfall 161292 (2022) Kat:3, Licht: 0,161292,3,2,4,08,15,4,0,0,1,1,0,0,0,0
"POINT (10.741332380000101 52.401587882000101)",Unfall 161309 (2022) Kat:3, Licht: 0,161309,3,2,5,08,13,6,0,0,1,1,0,0,0,0
"POINT (10.779340896000100 52.422952926999997)",Unfall 161484 (2022) Kat:3, Licht: 0,161484,3,6,3,08,19,1,0,0,1,0,0,0,0,0
"POINT (10.830843067000000 52.419946044000000)",Unfall 161542 (2022) Kat:3, Licht: 0,161542,3,3,5,08,19,4,0,0,1,1,0,0,0,0
"POINT (10.714213634000000 52.414444175000000)",Unfall 161606 (2022) Kat:3, Licht: 0,161606,3,2,5,09,13,4,0,0,1,1,0,0,0,0
"POINT (10.728288965000001 52.417119312000104)",Unfall 161641 (2022) Kat:3, Licht: 0,161641,3,6,2,09,15,3,1,0,0,1,0,0,0,0
"POINT (10.748702223000100 52.402240323999997)",Unfall 161642 (2022) Kat:3, Licht: 0,161642,3,3,5,09,13,6,0,0,1,1,0,0,0,0
"POINT (10.829314668000100 52.424738828000002)",Unfall 161977 (2022) Kat:3, Licht: 0,161977,3,3,5,10,07,4,0,0,1,1,0,0,0,0
"POINT (10.836607367999999 52.448314332999999)",Unfall 161981 (2022) Kat:3, Licht: 0,161981,3,3,5,09,14,3,1,0,1,1,0,0,0,0
"POINT (10.841416489000000 52.445052627999999)",Unfall 162018 (2022) Kat:3, Licht: 2,162018,3,5,1,09,22,7,1,2,0,1,0,0,0,0
"POINT (10.739075477000000 52.403361666000102)",Unfall 162078 (2022) Kat:3, Licht: 0,162078,3,7,1,09,11,5,0,0,1,0,0,0,0,1
"POINT (10.743026542000100 52.397192097000101)",Unfall 162160 (2022) Kat:2, Licht: 0,162160,2,4,6,09,16,5,1,0,0,1,1,0,0,0
"POINT (10.833007092000100 52.442119431000002)",Unfall 162202 (2022) Kat:3, Licht: 0,162202,3,3,5,09,16,4,0,0,1,1,0,0,0,0
"POINT (10.723883590000099 52.398425322999998)",Unfall 162362 (2022) Kat:3, Licht: 0,162362,3,3,5,10,10,1,1,0,0,1,0,0,0,0
"POINT (10.847655695000100 52.431965343999998)",Unfall 162391 (2022) Kat:3, Licht: 0,162391,3,2,6,10,18,4,0,0,0,1,1,0,0,0
"POINT (10.791303722000100 52.427943816999999)",Unfall 162452 (2022) Kat:2, Licht: 0,162452,2,3,5,09,18,2,0,0,1,1,0,0,0,0
"POINT (10.841674461000000 52.426685183000103)",Unfall 162552 (2022) Kat:3, Licht: 0,162552,3,7,1,10,15,3,0,0,0,1,0,0,0,0
"POINT (10.834376366000100 52.438682628999999)",Unfall 162573 (2022) Kat:3, Licht: 0,162573,3,3,5,09,13,3,0,0,1,1,0,0,0,0
"POINT (10.756864630000100 52.418603088000097)",Unfall 162613 (2022) Kat:3, Licht: 0,162613,3,3,5,09,08,4,1,0,1,1,0,0,0,0
"POINT (10.767455628000100 52.410533579000102)",Unfall 162668 (2022) Kat:3, Licht: 0,162668,3,6,2,10,14,2,0,0,0,1,0,0,0,0
"POINT (10.734864300000000 52.413539850000099)",Unfall 162748 (2022) Kat:3, Licht: 2,162748,3,2,4,10,07,5,1,2,0,1,0,0,0,0
"POINT (10.738877109000001 52.398936464000002)",Unfall 162871 (2022) Kat:3, Licht: 1,162871,3,3,5,10,17,2,0,1,1,1,0,0,0,0
"POINT (10.806773460000000 52.443584262000101)",Unfall 162893 (2022) Kat:3, Licht: 2,162893,3,3,5,10,23,2,1,2,0,1,0,1,0,0
"POINT (10.797721340000100 52.424304040000003)",Unfall 162898 (2022) Kat:3, Licht: 0,162898,3,6,2,11,12,4,1,0,0,1,0,0,0,0
"POINT (10.811502357000100 52.425051384000000)",Unfall 162904 (2022) Kat:2, Licht: 2,162904,2,5,1,10,03,7,0,2,0,1,0,0,0,0
"POINT (10.736412193000000 52.400769656000101)",Unfall 162920 (2022) Kat:3, Licht: 2,162920,3,5,1,10,19,6,1,2,0,1,0,0,0,0
"POINT (10.754277716000001 52.395049981000099)",Unfall 162953 (2022) Kat:3, Licht: 0,162953,3,3,5,10,09,4,0,0,0,1,0,0,0,0
"POINT (10.834380485000100 52.449016970000102)",Unfall 163031 (2022) Kat:3, Licht: 1,163031,3,3,5,10,07,2,0,1,1,1,0,0,0,0
"POINT (10.762727337000101 52.428450204999997)",Unfall 163094 (2022) Kat:3, Licht: 0,163094,3,7,0,11,10,6,1,0,0,0,0,1,0,0
"POINT (10.799150206000000 52.434939849000003)",Unfall 163112 (2022) Kat:3, Licht: 2,163112,3,3,5,10,19,4,1,2,1,1,0,0,0,0
"POINT (10.781177779000100 52.408201393000098)",Unfall 163209 (2022) Kat:3, Licht: 0,163209,3,6,2,10,16,4,0,0,0,1,0,1,0,0
"POINT (10.804029529999999 52.427119068000103)",Unfall 163256 (2022) Kat:3, Licht: 2,163256,3,3,5,11,06,4,0,2,1,1,0,0,0,0
"POINT (10.752509580000000 52.394896468000098)",Unfall 163275 (2022) Kat:3, Licht: 2,163275,3,2,4,11,18,5,0,2,1,1,0,0,0,0
"POINT (10.751387351000099 52.417420606000100)",Unfall 163358 (2022) Kat:3, Licht: 0,163358,3,2,5,11,07,5,0,0,1,1,0,0,0,0
"POINT (10.773896960000100 52.446559499000003)",Unfall 163480 (2022) Kat:3, Licht: 0,163480,3,3,5,10,12,6,0,0,1,1,0,0,0,0
"POINT (10.785664060000000 52.423038043000098)",Unfall 163500 (2022) Kat:3, Licht: 0,163500,3,7,9,10,08,6,0,0,0,1,0,0,0,0
"POINT (10.791939760000000 52.426460429000002)",Unfall 163534 (2022) Kat:3, Licht: 0,163534,3,6,2,10,15,5,0,0,0,1,0,0,0,0
"POINT (10.744846723000000 52.372845795000003)",Unfall 163558 (2022) Kat:3, Licht: 2,163558,3,3,5,10,05,5,1,2,0,0,0,1,0,1
"POINT (10.800885902000100 52.418862480000001)",Unfall 163561 (2022) Kat:3, Licht: 0,163561,3,3,5,10,07,6,0,0,0,1,0,0,0,0
"POINT (10.756933031000100 52.418242157000101)",Unfall 163596 (2022) Kat:3, Licht: 2,163596,3,5,1,10,06,6,0,2,1,1,0,0,0,0
"POINT (10.736609993000100 52.394053886000101)",Unfall 163601 (2022) Kat:3, Licht: 2,163601,3,3,5,11,06,3,1,2,0,1,0,0,0,1
"POINT (10.753055878000101 52.410853525999997)",Unfall 163632 (2022) Kat:3, Licht: 0,163632,3,3,5,11,13,4,1,0,0,1,0,0,0,0
"POINT (10.789646456000099 52.416108049000101)",Unfall 163776 (2022) Kat:3, Licht: 2,163776,3,5,1,12,20,4,1,2,0,1,0,0,0,1
"POINT (10.725081661000001 52.414221437999998)",Unfall 163787 (2022) Kat:3, Licht: 0,163787,3,6,2,12,13,3,0,0,0,1,0,0,0,0
"POINT (10.788958996000099 52.423019925000098)",Unfall 163858 (2022) Kat:3, Licht: 2,163858,3,7,0,11,19,5,0,2,1,0,0,0,0,0
"POINT (10.717626971000101 52.418620303000097)",Unfall 163887 (2022) Kat:3, Licht: 0,163887,3,7,1,12,09,5,1,0,0,1,0,0,0,0
"POINT (10.786206948000000 52.427403761999997)",Unfall 163891 (2022) Kat:2, Licht: 0,163891,2,7,0,12,15,2,1,0,0,0,0,0,0,1
"POINT (10.755878246000099 52.419789879000099)",Unfall 163991 (2022) Kat:3, Licht: 0,163991,3,6,2,12,14,5,1,0,0,1,0,0,0,0
"POINT (10.797091997000100 52.424464096000101)",Unfall 164017 (2022) Kat:3, Licht: 0,164017,3,6,2,12,11,7,1,0,0,1,0,0,0,0
"POINT (10.791292860000100 52.428805971000003)",Unfall 164078 (2022) Kat:3, Licht: 2,164078,3,4,6,11,21,6,1,2,0,1,1,0,0,0
"POINT (10.780307585000100 52.425116312000100)",Unfall 164098 (2022) Kat:3, Licht: 0,164098,3,4,6,12,12,7,1,0,0,1,1,0,0,0
"POINT (10.744929827000000 52.408147364000101)",Unfall 164212 (2022) Kat:3, Licht: 0,164212,3,6,2,11,13,5,1,0,0,1,0,0,0,0
"POINT (10.729060037000099 52.395400590000101)",Unfall 164215 (2022) Kat:3, Licht: 0,164215,3,3,5,11,11,2,1,0,1,1,0,0,0,0
"POINT (10.832070490000000 52.401504711000001)",Unfall 164427 (2022) Kat:3, Licht: 2,164427,3,5,1,12,22,6,0,2,1,1,0,0,0,0
"POINT (10.791281439000000 52.427866472000098)",Unfall 164432 (2022) Kat:3, Licht: 0,164432,3,3,5,11,14,7,0,0,1,1,0,0,0,0
"POINT (10.800727824000001 52.449379088000100)",Unfall 164473 (2022) Kat:3, Licht: 2,164473,3,6,2,12,17,3,0,2,0,1,0,0,0,0
"POINT (10.781919205000101 52.426411000000002)",Unfall 164497 (2022) Kat:2, Licht: 2,164497,2,3,5,12,16,1,1,2,0,1,0,0,0,0
"POINT (10.781832643000000 52.428137171000103)",Unfall 164540 (2022) Kat:3, Licht: 2,164540,3,3,5,12,06,3,2,2,1,1,0,0,0,0
"POINT (10.755113983999999 52.390226726999998)",Unfall 164553 (2022) Kat:3, Licht: 0,164553,3,6,2,11,12,1,0,0,0,1,0,0,0,0
"POINT (10.807474649000000 52.453493762000100)",Unfall 164566 (2022) Kat:3, Licht: 0,164566,3,2,4,11,15,4,1,0,1,1,0,0,0,0
"POINT (10.754469883000100 52.395135301000003)",Unfall 164576 (2022) Kat:3, Licht: 2,164576,3,6,2,12,16,5,1,2,0,1,0,0,0,0
"POINT (10.727173349999999 52.415106845000103)",Unfall 164685 (2022) Kat:3, Licht: 1,164685,3,3,5,12,07,2,0,1,1,1,0,0,0,0
"POINT (10.780674268000000 52.422658743000099)",Unfall 164719 (2022) Kat:3, Licht: 0,164719,3,3,5,11,09,7,0,0,0,1,0,0,0,1
"POINT (10.776393805000099 52.425241287000098)",Unfall 164757 (2022) Kat:3, Licht: 2,164757,3,7,0,11,06,4,1,2,0,0,0,1,0,0
"POINT (10.728310689000100 52.411072481000097)",Unfall 164786 (2022) Kat:3, Licht: 0,164786,3,2,5,12,09,4,1,0,1,1,0,0,0,0
"POINT (10.724662221000100 52.415560550000102)",Unfall 164854 (2022) Kat:3, Licht: 0,164854,3,2,2,12,15,3,1,0,0,1,0,0,0,0
"POINT (10.784004562000099 52.420222985000102)",Unfall 166023 (2022) Kat:3, Licht: 0,166023,3,6,2,12,13,6,0,0,0,1,0,0,0,0
"POINT (10.824990720000073 52.439615928000080)",Unfall 7674 (2023) Kat:3, Licht: 2,7674,3,3,5,01,21,2,1,2,1,1,0,0,0,0
"POINT (10.874594866000052 52.429096284000082)",Unfall 7867 (2023) Kat:3, Licht: 2,7867,3,2,4,01,05,3,0,2,0,1,0,0,0,0
"POINT (10.735886685000025 52.439309885000057)",Unfall 7913 (2023) Kat:3, Licht: 0,7913,3,6,2,01,15,2,0,0,0,1,0,0,0,0
"POINT (10.713962334000030 52.440722644000061)",Unfall 7932 (2023) Kat:3, Licht: 0,7932,3,1,8,01,16,7,1,0,0,1,0,0,0,0
"POINT (10.733729314000072 52.386177905000068)",Unfall 7933 (2023) Kat:3, Licht: 0,7933,3,1,8,01,09,1,2,0,0,1,0,0,0,0
"POINT (10.734998187000031 52.434999723000033)",Unfall 8634 (2023) Kat:3, Licht: 2,8634,3,2,2,01,07,3,0,2,0,1,0,0,0,0
"POINT (10.782726808000064 52.453668698000058)",Unfall 8774 (2023) Kat:3, Licht: 2,8774,3,1,0,01,06,6,2,2,0,1,0,0,0,0
"POINT (10.723534570000027 52.367259765000028)",Unfall 9714 (2023) Kat:3, Licht: 0,9714,3,6,2,01,14,5,1,0,0,1,0,0,0,0
"POINT (10.739871164000022 52.392893735000030)",Unfall 10373 (2023) Kat:3, Licht: 2,10373,3,1,9,03,18,5,1,2,0,1,0,0,0,0
"POINT (10.828030349000073 52.448949812000080)",Unfall 10424 (2023) Kat:3, Licht: 0,10424,3,6,2,03,14,4,0,0,0,1,0,0,0,0
"POINT (10.829936872000076 52.405000891000043)",Unfall 10425 (2023) Kat:3, Licht: 0,10425,3,3,0,03,07,4,0,0,0,1,0,0,0,1
"POINT (10.664102052000032 52.433487469000056)",Unfall 10522 (2023) Kat:3, Licht: 0,10522,3,2,2,02,15,1,0,0,0,1,0,0,0,0
"POINT (10.865045384000041 52.432809756000040)",Unfall 10910 (2023) Kat:3, Licht: 0,10910,3,6,4,02,12,4,0,0,0,1,0,0,0,1
"POINT (10.714779174000057 52.435366693000049)",Unfall 11405 (2023) Kat:3, Licht: 2,11405,3,2,4,02,20,6,1,2,0,1,0,0,0,0
"POINT (10.813670847000026 52.390032047000034)",Unfall 11516 (2023) Kat:3, Licht: 0,11516,3,1,0,05,17,7,0,0,1,0,0,0,0,0
"POINT (10.736976484000024 52.413077091000048)",Unfall 11964 (2023) Kat:2, Licht: 0,11964,2,6,2,05,16,2,0,0,0,1,0,0,0,0
"POINT (10.771375763000037 52.454599096000038)",Unfall 11996 (2023) Kat:2, Licht: 0,11996,2,1,8,04,18,1,0,0,0,1,0,0,0,0
"POINT (10.735045713000034 52.387697841000033)",Unfall 12136 (2023) Kat:2, Licht: 0,12136,2,1,8,04,13,4,0,0,0,1,0,0,0,0
"POINT (10.771893298000066 52.427424702000053)",Unfall 12407 (2023) Kat:3, Licht: 0,12407,3,6,2,04,15,5,0,0,0,1,0,0,0,0
"POINT (10.821884167000064 52.450446306000060)",Unfall 12967 (2023) Kat:3, Licht: 0,12967,3,6,4,04,16,4,0,0,0,1,0,0,0,0
"POINT (10.783431922000034 52.414897201000031)",Unfall 13033 (2023) Kat:3, Licht: 0,13033,3,3,5,04,08,5,0,0,1,1,0,0,0,0
"POINT (10.847748616000047 52.407397936000052)",Unfall 13063 (2023) Kat:3, Licht: 0,13063,3,3,5,04,12,2,0,0,0,1,0,0,0,0
"POINT (10.825387873000068 52.439390237000055)",Unfall 13180 (2023) Kat:3, Licht: 0,13180,3,6,2,04,09,5,0,0,0,1,0,0,0,0
"POINT (10.781864157000030 52.453152927000076)",Unfall 13829 (2023) Kat:3, Licht: 0,13829,3,2,4,03,14,6,0,0,0,1,0,0,0,0
"POINT (10.780182554000021 52.347932286000059)",Unfall 13844 (2023) Kat:3, Licht: 0,13844,3,7,0,03,17,7,1,0,1,0,0,0,0,1
"POINT (10.752313402000027 52.459803679000061)",Unfall 14022 (2023) Kat:3, Licht: 2,14022,3,6,2,03,22,1,1,2,0,1,0,0,0,0
"POINT (10.714737083000045 52.435369494000042)",Unfall 14232 (2023) Kat:3, Licht: 0,14232,3,3,5,08,19,4,1,0,0,1,0,0,0,0
"POINT (10.740758473000028 52.393953228000044)",Unfall 15305 (2023) Kat:2, Licht: 1,15305,2,1,9,07,04,7,0,1,0,1,0,0,0,0
"POINT (10.828763503000062 52.449591034000036)",Unfall 15442 (2023) Kat:3, Licht: 0,15442,3,6,2,06,07,4,0,0,0,1,0,0,0,0
"POINT (10.745670244000053 52.369295464000061)",Unfall 15765 (2023) Kat:3, Licht: 1,15765,3,3,5,06,19,5,1,1,0,1,0,0,1,0
"POINT (10.746020823000038 52.369060589000071)",Unfall 16104 (2023) Kat:3, Licht: 0,16104,3,6,2,06,17,6,1,0,0,1,0,0,0,0
"POINT (10.760485062000043 52.457585284000061)",Unfall 16164 (2023) Kat:3, Licht: 0,16164,3,6,2,06,14,5,0,0,0,1,0,0,0,0
"POINT (10.822086696000042 52.439866425000048)",Unfall 16165 (2023) Kat:3, Licht: 0,16165,3,6,2,06,16,5,0,0,0,1,0,0,0,0
"POINT (10.778950477000024 52.452148453000063)",Unfall 16252 (2023) Kat:3, Licht: 0,16252,3,3,5,07,12,5,0,0,0,1,0,0,0,0
"POINT (10.832771457000035 52.436491678000039)",Unfall 16437 (2023) Kat:2, Licht: 0,16437,2,7,0,06,18,1,0,0,1,0,0,0,0,0
"POINT (10.721923049000054 52.367036245000065)",Unfall 16438 (2023) Kat:2, Licht: 0,16438,2,2,5,06,12,1,0,0,0,1,0,0,0,0
"POINT (10.828937834000044 52.337292110000078)",Unfall 16501 (2023) Kat:1, Licht: 2,16501,1,6,6,06,22,7,0,2,0,1,1,0,0,0
"POINT (10.746030806000022 52.369034786000043)",Unfall 16782 (2023) Kat:3, Licht: 0,16782,3,6,2,06,16,3,0,0,0,1,0,0,0,0
"POINT (10.831206211000051 52.391881696000041)",Unfall 17159 (2023) Kat:2, Licht: 0,17159,2,3,5,05,12,4,0,0,0,1,0,0,0,0
"POINT (10.839119939000057 52.396824501000026)",Unfall 17374 (2023) Kat:3, Licht: 0,17374,3,2,4,05,19,1,0,0,0,1,0,0,0,0
"POINT (10.824128803000065 52.458478822000075)",Unfall 17434 (2023) Kat:3, Licht: 2,17434,3,1,9,05,23,7,0,2,0,0,0,1,0,0
"POINT (10.671290093000039 52.417554676000066)",Unfall 17533 (2023) Kat:3, Licht: 2,17533,3,1,0,05,22,6,0,2,0,0,0,1,0,0
"POINT (10.802412194000055 52.480487702000062)",Unfall 17727 (2023) Kat:3, Licht: 2,17727,3,7,7,06,01,7,0,2,0,0,0,1,0,0
"POINT (10.816739819000077 52.413902063000080)",Unfall 18138 (2023) Kat:3, Licht: 2,18138,3,3,5,05,21,3,0,2,0,1,0,0,0,0
"POINT (10.831337105000046 52.452210340000079)",Unfall 18777 (2023) Kat:3, Licht: 0,18777,3,1,0,08,06,6,0,0,0,0,0,1,0,0
"POINT (10.860556815000052 52.465305908000062)",Unfall 18985 (2023) Kat:3, Licht: 1,18985,3,7,0,08,05,2,0,1,0,0,0,1,0,0
"POINT (10.829747208000072 52.405097716000057)",Unfall 19068 (2023) Kat:3, Licht: 0,19068,3,6,2,08,10,7,0,0,0,1,0,1,0,0
"POINT (10.805877059000068 52.437814495000055)",Unfall 19489 (2023) Kat:3, Licht: 0,19489,3,6,3,08,18,7,1,0,0,1,0,1,0,0
"POINT (10.737246423000045 52.389617050000027)",Unfall 19749 (2023) Kat:3, Licht: 2,19749,3,6,3,10,05,4,1,2,0,1,0,0,0,0
"POINT (10.777160305000052 52.452738541000031)",Unfall 19800 (2023) Kat:3, Licht: 2,19800,3,6,2,10,20,1,1,2,0,1,0,0,0,0
"POINT (10.772840422000058 52.404859064000050)",Unfall 19876 (2023) Kat:3, Licht: 2,19876,3,6,2,10,07,6,1,2,0,1,0,0,0,0
"POINT (10.849712193000073 52.396887740000068)",Unfall 20425 (2023) Kat:3, Licht: 0,20425,3,6,2,10,11,6,0,0,0,1,0,0,0,1
"POINT (10.847667029000036 52.421753357000057)",Unfall 20783 (2023) Kat:3, Licht: 0,20783,3,3,5,09,13,5,0,0,1,1,0,0,0,0
"POINT (10.745670244000053 52.369295464000061)",Unfall 20998 (2023) Kat:3, Licht: 2,20998,3,1,8,09,22,1,0,2,0,1,0,0,0,0
"POINT (10.832425980000039 52.453456254000059)",Unfall 21052 (2023) Kat:3, Licht: 2,21052,3,1,9,10,06,7,1,2,0,1,0,0,0,0
"POINT (10.737287747000039 52.394778093000070)",Unfall 21124 (2023) Kat:3, Licht: 0,21124,3,1,9,09,07,5,0,0,0,1,0,0,0,0
"POINT (10.741773778000038 52.380428926000036)",Unfall 21322 (2023) Kat:2, Licht: 0,21322,2,2,2,09,15,1,0,0,0,1,0,1,0,0
"POINT (10.889329068000052 52.418591450000065)",Unfall 21380 (2023) Kat:2, Licht: 0,21380,2,1,0,09,07,6,1,0,0,0,0,1,0,0
"POINT (10.831474896000032 52.452190426000072)",Unfall 21460 (2023) Kat:3, Licht: 0,21460,3,2,4,09,16,6,0,0,0,1,0,0,0,0
"POINT (10.735111144000030 52.435119461000056)",Unfall 21461 (2023) Kat:3, Licht: 0,21461,3,6,2,09,16,6,0,0,0,1,0,0,0,0
"POINT (10.825134193000054 52.439366168000049)",Unfall 21462 (2023) Kat:1, Licht: 0,21462,1,3,5,09,07,6,0,0,1,1,0,0,0,0
"POINT (10.827581605000034 52.406687737000027)",Unfall 22221 (2023) Kat:3, Licht: 0,22221,3,6,4,09,09,3,0,0,1,0,0,0,0,0
"POINT (10.714728316000048 52.435429402000068)",Unfall 22677 (2023) Kat:3, Licht: 0,22677,3,2,4,12,10,5,0,0,0,1,0,0,0,0
"POINT (10.714055194000025 52.440074946000038)",Unfall 23144 (2023) Kat:3, Licht: 0,23144,3,1,8,12,15,4,1,0,0,1,0,0,0,0
"POINT (10.745072681000067 52.371700901000054)",Unfall 23394 (2023) Kat:3, Licht: 2,23394,3,6,6,12,05,3,0,2,0,1,1,0,0,0
"POINT (10.732986871000037 52.422738553000045)",Unfall 23471 (2023) Kat:3, Licht: 2,23471,3,1,8,12,05,3,2,2,0,1,0,0,0,0
"POINT (10.733259546000056 52.427267003000054)",Unfall 24070 (2023) Kat:3, Licht: 2,24070,3,7,0,12,22,7,1,2,0,0,0,0,0,1
"POINT (10.874388560000057 52.429191181000078)",Unfall 24160 (2023) Kat:3, Licht: 0,24160,3,1,0,11,14,3,0,0,0,0,0,1,0,0
"POINT (10.735199761000047 52.387754904000076)",Unfall 24454 (2023) Kat:3, Licht: 0,24454,3,7,8,12,11,7,1,0,0,1,0,0,0,0
"POINT (10.790870259000030 52.444911624000042)",Unfall 25075 (2023) Kat:3, Licht: 2,25075,3,6,2,11,18,1,1,2,0,1,0,0,0,0