WKT,Name,OBJECTID,UKATEGORIE,UTYP1,UART,UMONAT,USTUNDE,UWOCHENTAG,STRZUSTAND,ULICHTVERH,ISTRAD,ISTPKW,ISTFUSS,ISTKRAD,ISTGKFZ,ISTSONSTIG
"POINT (10.732993484000076 52.385785355000053)",Unfall 25081 (2023) Kat:3, Licht: 2,25081,3,6,3,11,18,1,1,2,0,1,0,0,0,0
"POINT (10.861564178000037 52.463471875000039)",Unfall 25133 (2023) Kat:3, Licht: 2,25133,3,3,5,11,17,7,1,2,0,1,0,0,0,1
"POINT (10.763440875000072 52.357495299000050)",Unfall 25190 (2023) Kat:2, Licht: 0,25190,2,1,8,11,10,6,0,0,0,1,0,0,0,0
"POINT (10.749537245000056 52.411339424000062)",Unfall 158023 (2023) Kat:3, Licht: 0,158023,3,6,2,02,16,4,0,0,0,1,0,0,0,0
"POINT (10.825482547000036 52.444966216000068)",Unfall 158052 (2023) Kat:3, Licht: 0,158052,3,6,2,02,16,3,0,0,0,1,0,0,0,0
"POINT (10.819175639000036 52.445012527000074)",Unfall 158089 (2023) Kat:3, Licht: 0,158089,3,5,2,02,16,7,0,0,0,1,0,1,0,0
"POINT (10.772112764000042 52.424413450000031)",Unfall 158111 (2023) Kat:3, Licht: 0,158111,3,2,2,02,13,6,0,0,0,1,0,0,0,0
"POINT (10.790836378000051 52.422340117000033)",Unfall 158167 (2023) Kat:3, Licht: 2,158167,3,3,5,02,20,4,1,2,1,1,0,0,0,0
"POINT (10.800996454000028 52.449326219000056)",Unfall 158198 (2023) Kat:3, Licht: 2,158198,3,3,5,01,05,2,1,2,0,1,0,1,0,0
"POINT (10.807525851000037 52.440755498000044)",Unfall 158217 (2023) Kat:3, Licht: 2,158217,3,3,5,01,20,7,0,2,0,1,0,0,0,1
"POINT (10.753029335000065 52.410760817000039)",Unfall 158315 (2023) Kat:3, Licht: 2,158315,3,3,5,01,17,3,0,2,0,1,0,0,0,0
"POINT (10.782525964000058 52.412995697000042)",Unfall 158316 (2023) Kat:3, Licht: 0,158316,3,3,5,01,07,3,0,0,0,1,0,0,0,0
"POINT (10.849058599000045 52.434736842000063)",Unfall 158423 (2023) Kat:3, Licht: 2,158423,3,3,5,01,18,4,0,2,0,1,0,0,0,1
"POINT (10.735637515000064 52.430540869000026)",Unfall 158466 (2023) Kat:3, Licht: 0,158466,3,6,0,01,13,3,0,0,0,1,0,0,0,0
"POINT (10.770994514000051 52.424824892000061)",Unfall 158511 (2023) Kat:3, Licht: 2,158511,3,2,6,01,23,7,1,2,0,1,1,0,0,0
"POINT (10.784239053000022 52.420809604000056)",Unfall 158512 (2023) Kat:3, Licht: 2,158512,3,6,2,01,21,7,1,2,0,1,0,0,0,0
"POINT (10.772935675000042 52.424182455000050)",Unfall 158586 (2023) Kat:2, Licht: 0,158586,2,3,5,01,07,5,1,0,1,1,0,0,0,0
"POINT (10.851790559000051 52.431198430000052)",Unfall 158619 (2023) Kat:3, Licht: 0,158619,3,7,0,01,13,4,1,0,0,1,0,0,0,0
"POINT (10.790950514000031 52.419409408000035)",Unfall 158620 (2023) Kat:3, Licht: 0,158620,3,6,2,01,16,4,1,0,0,1,0,0,0,0
"POINT (10.795763499000032 52.450774143000046)",Unfall 158625 (2023) Kat:3, Licht: 0,158625,3,1,1,02,07,3,0,0,0,1,0,0,0,0
"POINT (10.719917696000039 52.416626691000033)",Unfall 158673 (2023) Kat:3, Licht: 2,158673,3,3,5,01,07,2,1,2,1,1,0,0,0,0
"POINT (10.785714138000060 52.423135643000080)",Unfall 158787 (2023) Kat:3, Licht: 0,158787,3,5,1,01,12,2,1,0,0,1,0,0,0,1
"POINT (10.745232922000071 52.408604478000029)",Unfall 158878 (2023) Kat:3, Licht: 2,158878,3,1,8,01,20,2,1,2,0,1,0,0,0,0
"POINT (10.767530980000060 52.413385342000026)",Unfall 159006 (2023) Kat:3, Licht: 1,159006,3,7,0,01,16,5,1,1,0,1,0,0,0,0
"POINT (10.782641825000042 52.412961011000050)",Unfall 159069 (2023) Kat:2, Licht: 0,159069,2,3,0,01,15,2,0,0,1,1,0,0,0,0
"POINT (10.786477307000041 52.416478247000043)",Unfall 159317 (2023) Kat:3, Licht: 0,159317,3,3,5,03,13,2,0,0,1,1,0,0,0,0
"POINT (10.781822817000034 52.428034098000069)",Unfall 159344 (2023) Kat:3, Licht: 2,159344,3,7,0,03,18,7,1,2,0,1,0,0,0,1
"POINT (10.792468434000057 52.421898959000032)",Unfall 159369 (2023) Kat:3, Licht: 0,159369,3,6,2,03,15,6,0,0,0,1,0,0,0,0
"POINT (10.794655077000073 52.429566492000049)",Unfall 159514 (2023) Kat:3, Licht: 0,159514,3,7,6,03,12,6,0,0,0,1,1,0,0,0
"POINT (10.716331863000050 52.415993738000054)",Unfall 159579 (2023) Kat:3, Licht: 0,159579,3,6,2,03,12,3,1,0,0,1,0,0,0,0
"POINT (10.806358332000059 52.424334010000052)",Unfall 159643 (2023) Kat:3, Licht: 2,159643,3,3,6,03,19,6,1,2,0,1,1,0,0,0
"POINT (10.847794574000034 52.415634143000034)",Unfall 159668 (2023) Kat:3, Licht: 0,159668,3,3,5,03,16,5,1,0,1,1,0,0,0,0
"POINT (10.847589151000022 52.431969738000078)",Unfall 159669 (2023) Kat:3, Licht: 0,159669,3,3,5,03,07,5,1,0,1,1,0,0,0,0
"POINT (10.781833550000044 52.428147232000072)",Unfall 159853 (2023) Kat:3, Licht: 0,159853,3,3,5,03,14,4,0,0,0,1,0,0,0,1
"POINT (10.784550791000072 52.421263657000054)",Unfall 159944 (2023) Kat:2, Licht: 2,159944,2,4,6,02,19,6,1,2,0,1,1,0,0,0
"POINT (10.790173266000068 52.427906017000055)",Unfall 159980 (2023) Kat:3, Licht: 0,159980,3,3,5,02,08,5,0,0,1,1,0,0,0,0
"POINT (10.808239305000029 52.438932232000070)",Unfall 159981 (2023) Kat:3, Licht: 2,159981,3,2,5,02,19,5,1,2,0,1,0,0,0,0
"POINT (10.743394983000030 52.409473680000076)",Unfall 159982 (2023) Kat:3, Licht: 0,159982,3,6,2,02,16,5,1,0,0,1,0,0,0,0
"POINT (10.797761348000051 52.435995851000030)",Unfall 160004 (2023) Kat:3, Licht: 2,160004,3,6,2,02,22,4,0,2,0,1,0,0,0,0
"POINT (10.835242776000030 52.445516339000051)",Unfall 160083 (2023) Kat:3, Licht: 2,160083,3,3,5,02,18,7,1,2,0,1,0,0,0,0
"POINT (10.735779862000072 52.402138675000060)",Unfall 160084 (2023) Kat:2, Licht: 2,160084,2,2,6,02,17,7,1,2,0,1,1,0,0,0
"POINT (10.786144224000054 52.424506548000068)",Unfall 160114 (2023) Kat:3, Licht: 2,160114,3,4,6,02,20,6,1,2,0,1,1,0,0,0
"POINT (10.836611295000068 52.448223070000040)",Unfall 160228 (2023) Kat:3, Licht: 0,160228,3,3,5,02,13,2,0,0,1,1,0,0,0,0
"POINT (10.734860239000056 52.405324455000027)",Unfall 160229 (2023) Kat:3, Licht: 2,160229,3,2,6,02,18,2,0,2,0,1,1,0,0,0
"POINT (10.813113746000056 52.427133472000037)",Unfall 160242 (2023) Kat:3, Licht: 1,160242,3,3,5,02,17,1,1,1,0,1,0,0,0,1
"POINT (10.840490908000049 52.437966014000040)",Unfall 160261 (2023) Kat:3, Licht: 0,160261,3,6,2,02,12,7,1,0,0,1,0,0,0,0
"POINT (10.721455995000042 52.410841365000067)",Unfall 160359 (2023) Kat:3, Licht: 0,160359,3,3,5,05,07,4,0,0,1,1,0,0,0,0
"POINT (10.854143406000048 52.455447669000080)",Unfall 160386 (2023) Kat:3, Licht: 0,160386,3,3,5,05,12,3,0,0,0,1,0,0,0,0
"POINT (10.785985653000068 52.423506404000079)",Unfall 160387 (2023) Kat:3, Licht: 0,160387,3,2,3,05,09,3,0,0,1,1,0,0,0,0
"POINT (10.761744683000074 52.420400105000056)",Unfall 160423 (2023) Kat:2, Licht: 0,160423,2,2,4,05,12,2,0,0,0,1,0,1,0,0
"POINT (10.790592538000055 52.420473422000043)",Unfall 160481 (2023) Kat:3, Licht: 0,160481,3,2,5,05,08,6,0,0,1,1,0,0,0,0
"POINT (10.798908463000032 52.449941250000052)",Unfall 160482 (2023) Kat:3, Licht: 0,160482,3,5,1,05,06,6,0,0,0,1,0,0,0,0
"POINT (10.787040287000025 52.442113307000056)",Unfall 160670 (2023) Kat:3, Licht: 2,160670,3,3,5,04,22,5,0,2,0,1,0,0,0,0
"POINT (10.769354014000044 52.410043603000076)",Unfall 160671 (2023) Kat:3, Licht: 0,160671,3,6,2,04,07,5,0,0,0,1,0,0,0,0
"POINT (10.777548194000076 52.419932094000046)",Unfall 160704 (2023) Kat:3, Licht: 0,160704,3,2,5,04,18,4,0,0,0,1,0,1,0,0
"POINT (10.840886502000046 52.439693681000051)",Unfall 160705 (2023) Kat:3, Licht: 0,160705,3,3,0,04,10,4,0,0,1,1,0,0,0,0
"POINT (10.734866038000064 52.406709800000044)",Unfall 160730 (2023) Kat:3, Licht: 0,160730,3,4,6,04,16,3,0,0,0,1,1,0,0,0
"POINT (10.761661796000055 52.418507974000079)",Unfall 160731 (2023) Kat:3, Licht: 2,160731,3,7,0,04,00,3,0,2,0,0,0,0,0,1
"POINT (10.782275398000024 52.413062457000080)",Unfall 160863 (2023) Kat:2, Licht: 0,160863,2,3,5,04,16,5,0,0,1,1,0,0,0,0
"POINT (10.730987942000070 52.414070234000064)",Unfall 160894 (2023) Kat:3, Licht: 0,160894,3,6,2,04,18,4,0,0,0,0,0,1,0,1
"POINT (10.788065085000028 52.418099822000045)",Unfall 160951 (2023) Kat:3, Licht: 0,160951,3,1,0,04,15,2,0,0,0,0,0,0,0,1
"POINT (10.788031275000037 52.423067593000042)",Unfall 160980 (2023) Kat:3, Licht: 0,160980,3,6,6,04,17,7,0,0,0,0,1,0,0,1
"POINT (10.719038850000061 52.411306699000079)",Unfall 161021 (2023) Kat:3, Licht: 0,161021,3,2,4,04,14,6,0,0,0,1,0,0,0,0
"POINT (10.817684697000061 52.425924776000045)",Unfall 161058 (2023) Kat:3, Licht: 0,161058,3,6,6,04,18,5,0,0,0,1,1,0,0,0
"POINT (10.753829850000045 52.419231223000054)",Unfall 161059 (2023) Kat:3, Licht: 0,161059,3,2,5,04,08,5,0,0,1,1,0,0,0,0
"POINT (10.760850088000041 52.417488813000034)",Unfall 161082 (2023) Kat:3, Licht: 0,161082,3,1,7,04,12,4,1,0,0,1,0,0,0,0
"POINT (10.784828860000061 52.425208251000072)",Unfall 161117 (2023) Kat:3, Licht: 0,161117,3,5,0,04,08,2,0,0,1,1,0,0,0,0
"POINT (10.792386207000050 52.420017778000044)",Unfall 161143 (2023) Kat:3, Licht: 0,161143,3,3,5,04,09,7,0,0,1,1,0,0,0,0
"POINT (10.792026854000028 52.427633787000048)",Unfall 161180 (2023) Kat:3, Licht: 0,161180,3,3,5,05,13,2,0,0,0,1,0,0,0,1
"POINT (10.777008357000057 52.450091597000039)",Unfall 161195 (2023) Kat:3, Licht: 0,161195,3,2,5,04,08,5,0,0,0,1,0,0,0,0
"POINT (10.862664611000071 52.423048186000074)",Unfall 161221 (2023) Kat:3, Licht: 0,161221,3,3,5,04,16,4,0,0,0,1,0,0,0,0
"POINT (10.775830736000046 52.423415721000026)",Unfall 161329 (2023) Kat:3, Licht: 0,161329,3,7,0,03,16,6,1,0,1,0,0,0,0,0
"POINT (10.834533251000039 52.438267356000040)",Unfall 161425 (2023) Kat:2, Licht: 0,161425,2,2,5,06,18,3,0,0,0,1,0,1,0,0
"POINT (10.802172931000030 52.421705542000041)",Unfall 161426 (2023) Kat:3, Licht: 0,161426,3,7,1,06,07,3,0,0,0,1,0,0,0,0
"POINT (10.784812576000036 52.421423457000060)",Unfall 161465 (2023) Kat:3, Licht: 0,161465,3,6,2,06,09,2,0,0,0,1,0,0,0,0
"POINT (10.767426290000060 52.410406523000063)",Unfall 161632 (2023) Kat:3, Licht: 0,161632,3,3,0,06,11,4,0,0,0,1,0,1,0,0
"POINT (10.785882877000063 52.425136695000049)",Unfall 161719 (2023) Kat:3, Licht: 0,161719,3,6,0,06,18,2,0,0,0,1,0,0,0,1
"POINT (10.746120698000027 52.401554706000070)",Unfall 161720 (2023) Kat:2, Licht: 0,161720,2,7,0,06,11,2,0,0,0,1,0,1,0,0
"POINT (10.841157098000053 52.440895058000081)",Unfall 161772 (2023) Kat:3, Licht: 0,161772,3,7,1,06,09,7,0,0,1,1,0,0,0,0
"POINT (10.785940501000027 52.423513826000033)",Unfall 161815 (2023) Kat:3, Licht: 0,161815,3,3,0,06,18,6,0,0,1,0,0,0,0,1
"POINT (10.779731257000037 52.419421675000081)",Unfall 161914 (2023) Kat:3, Licht: 0,161914,3,2,5,05,14,3,0,0,0,1,0,0,0,1
"POINT (10.797522789000027 52.424307778000070)",Unfall 161999 (2023) Kat:3, Licht: 0,161999,3,3,5,05,13,7,0,0,0,1,0,0,0,0
"POINT (10.810403725000072 52.427532623000047)",Unfall 162000 (2023) Kat:3, Licht: 0,162000,3,3,0,05,18,7,0,0,1,1,0,0,0,0
"POINT (10.752314891000026 52.418620878000070)",Unfall 162086 (2023) Kat:3, Licht: 0,162086,3,7,0,05,14,4,0,0,0,1,0,0,0,1
"POINT (10.740779813000074 52.429694905000076)",Unfall 162168 (2023) Kat:3, Licht: 0,162168,3,6,2,05,14,2,0,0,0,1,0,0,0,0
"POINT (10.791454341000076 52.420272572000044)",Unfall 162194 (2023) Kat:3, Licht: 2,162194,3,2,4,05,22,1,0,2,0,1,0,0,0,0
"POINT (10.731808459000035 52.422921024000061)",Unfall 162234 (2023) Kat:3, Licht: 0,162234,3,1,8,05,06,6,0,0,0,1,0,0,0,0
"POINT (10.853819313000031 52.389561788000037)",Unfall 162273 (2023) Kat:3, Licht: 0,162273,3,1,8,05,18,5,0,0,0,1,0,0,0,0
"POINT (10.739768158000061 52.408121398000048)",Unfall 162274 (2023) Kat:3, Licht: 0,162274,3,3,5,05,17,5,0,0,1,1,0,0,0,0
"POINT (10.800878841000042 52.448029147000057)",Unfall 162318 (2023) Kat:3, Licht: 0,162318,3,7,3,05,13,4,0,0,0,1,0,0,0,0
"POINT (10.742488802000025 52.399800757000037)",Unfall 162319 (2023) Kat:3, Licht: 0,162319,3,4,6,05,07,4,0,0,0,1,1,0,0,0
"POINT (10.740658594000024 52.429306015000066)",Unfall 162366 (2023) Kat:3, Licht: 0,162366,3,2,5,05,14,3,0,0,1,1,0,0,0,0
"POINT (10.766836828000066 52.421026074000054)",Unfall 162447 (2023) Kat:3, Licht: 2,162447,3,2,0,05,21,7,0,2,1,1,0,0,0,0
"POINT (10.850845050000032 52.394707812000036)",Unfall 162540 (2023) Kat:3, Licht: 1,162540,3,5,1,07,21,5,0,1,1,1,0,0,0,0
"POINT (10.845120301000065 52.425987407000036)",Unfall 162541 (2023) Kat:3, Licht: 2,162541,3,6,2,07,21,5,0,2,0,1,0,0,0,0
"POINT (10.753459948000057 52.421180783000068)",Unfall 162542 (2023) Kat:3, Licht: 0,162542,3,7,1,07,16,5,0,0,0,1,0,1,0,0
"POINT (10.745205920000046 52.401411989000053)",Unfall 162590 (2023) Kat:3, Licht: 0,162590,3,2,5,07,12,3,0,0,0,1,0,1,0,0
"POINT (10.776021073000038 52.423592432000078)",Unfall 162622 (2023) Kat:3, Licht: 0,162622,3,2,5,07,16,2,0,0,0,1,0,0,0,0
"POINT (10.785148417000073 52.422068758000080)",Unfall 162676 (2023) Kat:3, Licht: 0,162676,3,7,0,07,07,7,0,0,1,0,0,0,0,0
"POINT (10.803751788000056 52.449453242000061)",Unfall 162781 (2023) Kat:2, Licht: 0,162781,2,3,5,07,19,4,0,0,1,1,0,0,0,0
"POINT (10.751742858000057 52.414551007000057)",Unfall 162782 (2023) Kat:3, Licht: 0,162782,3,3,0,07,09,4,0,0,1,1,0,0,0,0
"POINT (10.742948574000025 52.398451391000037)",Unfall 162822 (2023) Kat:3, Licht: 0,162822,3,7,1,07,12,3,0,0,0,1,0,0,0,0
"POINT (10.711512448000065 52.420880387000068)",Unfall 162915 (2023) Kat:3, Licht: 2,162915,3,3,5,07,23,7,1,2,0,1,0,0,0,0
"POINT (10.834816974000034 52.448209678000069)",Unfall 162998 (2023) Kat:3, Licht: 0,162998,3,6,0,06,07,5,0,0,1,0,0,0,0,0
"POINT (10.805393415000026 52.427312182000037)",Unfall 162999 (2023) Kat:3, Licht: 0,162999,3,3,0,06,14,5,0,0,1,1,0,0,0,0
"POINT (10.760430093000025 52.426113788000066)",Unfall 163000 (2023) Kat:3, Licht: 0,163000,3,6,2,06,07,5,0,0,0,1,0,1,0,0
"POINT (10.748538626000027 52.424878088000071)",Unfall 163087 (2023) Kat:3, Licht: 0,163087,3,3,5,06,14,3,0,0,1,1,0,0,0,0
"POINT (10.766106843000046 52.426881149000053)",Unfall 163123 (2023) Kat:2, Licht: 0,163123,2,3,5,06,07,2,0,0,1,1,0,0,0,0
"POINT (10.780849920000037 52.410804879000068)",Unfall 163184 (2023) Kat:3, Licht: 0,163184,3,3,5,06,16,7,0,0,1,1,0,0,0,0
"POINT (10.789661701000057 52.428346052000052)",Unfall 163214 (2023) Kat:3, Licht: 0,163214,3,5,1,06,16,6,1,0,0,1,0,0,0,1
"POINT (10.782968417000063 52.452205838000054)",Unfall 163215 (2023) Kat:3, Licht: 0,163215,3,7,7,06,12,6,1,0,0,1,0,0,0,0
"POINT (10.806897820000074 52.443144611000037)",Unfall 163381 (2023) Kat:2, Licht: 0,163381,2,7,0,06,18,1,0,0,0,0,0,0,0,1
"POINT (10.712227641000027 52.417403055000079)",Unfall 163448 (2023) Kat:3, Licht: 0,163448,3,2,4,06,10,6,1,0,0,1,0,0,0,0
"POINT (10.715146433000029 52.417559075000042)",Unfall 163495 (2023) Kat:2, Licht: 0,163495,2,7,0,06,17,5,0,0,0,0,0,1,0,0
"POINT (10.786482987000056 52.416532025000038)",Unfall 163496 (2023) Kat:3, Licht: 0,163496,3,3,5,06,15,5,0,0,0,1,0,0,0,1
"POINT (10.765803929000072 52.422020252000038)",Unfall 163542 (2023) Kat:3, Licht: 0,163542,3,2,5,06,09,4,0,0,1,1,0,0,0,0
"POINT (10.838866641000038 52.445252011000036)",Unfall 163573 (2023) Kat:3, Licht: 0,163573,3,3,0,08,15,4,0,0,1,1,0,0,0,0
"POINT (10.781835878000038 52.428173054000069)",Unfall 163574 (2023) Kat:3, Licht: 0,163574,3,3,5,08,06,4,0,0,1,1,0,0,0,0
"POINT (10.849128253000060 52.452337452000052)",Unfall 163723 (2023) Kat:3, Licht: 0,163723,3,7,0,08,12,6,0,0,1,1,0,0,0,0
"POINT (10.862358748000077 52.422977489000061)",Unfall 163752 (2023) Kat:3, Licht: 0,163752,3,3,5,08,09,5,1,0,0,1,0,0,0,0
"POINT (10.754929680000032 52.393093695000061)",Unfall 163753 (2023) Kat:3, Licht: 0,163753,3,3,5,08,07,5,1,0,0,1,0,0,0,0
"POINT (10.779058413000030 52.452184471000066)",Unfall 163754 (2023) Kat:3, Licht: 0,163754,3,3,5,08,07,5,1,0,0,1,0,0,0,0
"POINT (10.784223458000042 52.420548208000071)",Unfall 163822 (2023) Kat:3, Licht: 0,163822,3,6,2,08,17,3,0,0,0,1,0,0,0,0
"POINT (10.841090756000028 52.448211690000051)",Unfall 163908 (2023) Kat:3, Licht: 2,163908,3,7,0,08,21,5,0,2,1,0,0,0,0,0
"POINT (10.720410701000048 52.408446874000049)",Unfall 163968 (2023) Kat:3, Licht: 0,163968,3,6,3,08,16,5,0,0,0,1,0,0,0,1
"POINT (10.837635570000032 52.438916639000070)",Unfall 163969 (2023) Kat:3, Licht: 1,163969,3,3,5,08,20,5,0,1,1,1,0,0,0,0
"POINT (10.835971321000045 52.442457699000045)",Unfall 163970 (2023) Kat:2, Licht: 0,163970,2,2,2,08,14,5,0,0,0,1,0,1,0,0
"POINT (10.748213300000032 52.423713174000056)",Unfall 163971 (2023) Kat:3, Licht: 0,163971,3,3,0,08,14,5,0,0,0,1,0,0,0,0
"POINT (10.802102081000044 52.421709929000031)",Unfall 164002 (2023) Kat:2, Licht: 0,164002,2,6,2,08,14,3,0,0,1,1,0,0,0,0
"POINT (10.754108616000053 52.419352248000052)",Unfall 164021 (2023) Kat:3, Licht: 0,164021,3,3,5,08,17,2,0,0,1,1,0,0,0,0
"POINT (10.761281054000051 52.413749015000064)",Unfall 164067 (2023) Kat:3, Licht: 1,164067,3,5,1,08,20,7,0,1,0,1,0,0,0,0
"POINT (10.846793323000043 52.431923901000062)",Unfall 164086 (2023) Kat:3, Licht: 0,164086,3,3,0,08,19,6,0,0,0,1,0,1,0,0
"POINT (10.830107774000055 52.450422056000036)",Unfall 164149 (2023) Kat:3, Licht: 0,164149,3,6,2,08,13,4,0,0,0,1,0,0,0,0
"POINT (10.787964204000048 52.421117970000068)",Unfall 164169 (2023) Kat:3, Licht: 0,164169,3,6,3,08,17,3,0,0,0,1,0,0,0,0
"POINT (10.684715107000045 52.414867926000056)",Unfall 164223 (2023) Kat:3, Licht: 0,164223,3,3,5,07,14,7,1,0,1,1,0,0,0,0
"POINT (10.722028264000073 52.419817944000044)",Unfall 164262 (2023) Kat:3, Licht: 0,164262,3,3,6,07,14,6,0,0,1,0,1,0,0,0
"POINT (10.842003875000046 52.426554565000060)",Unfall 164315 (2023) Kat:3, Licht: 0,164315,3,6,2,07,11,4,0,0,0,1,0,0,0,0
"POINT (10.801470182000060 52.450019842000074)",Unfall 164616 (2023) Kat:3, Licht: 0,164616,3,4,6,07,11,6,0,0,0,1,1,0,0,0
"POINT (10.786707104000072 52.412297102000082)",Unfall 164660 (2023) Kat:3, Licht: 0,164660,3,5,1,09,08,2,0,0,0,1,0,0,0,1
"POINT (10.786446903000069 52.428848905000052)",Unfall 164728 (2023) Kat:3, Licht: 0,164728,3,6,2,09,16,6,0,0,0,1,0,0,0,0
"POINT (10.754153778000045 52.419378552000069)",Unfall 164781 (2023) Kat:3, Licht: 0,164781,3,3,5,09,11,4,0,0,0,1,0,0,0,1
"POINT (10.784119233000069 52.416853870000068)",Unfall 164851 (2023) Kat:3, Licht: 0,164851,3,7,6,09,15,2,0,0,0,1,1,0,0,0
"POINT (10.807059800000047 52.441450236000037)",Unfall 164852 (2023) Kat:3, Licht: 0,164852,3,3,0,09,14,2,0,0,1,1,0,0,0,0
"POINT (10.770443324000041 52.353077708000058)",Unfall 164935 (2023) Kat:3, Licht: 0,164935,3,3,5,09,11,3,0,0,1,1,0,0,0,0
"POINT (10.862544271000047 52.422977823000053)",Unfall 164941 (2023) Kat:3, Licht: 0,164941,3,2,4,09,12,6,0,0,0,1,0,0,0,0
"POINT (10.770144333000076 52.425543426000047)",Unfall 164942 (2023) Kat:2, Licht: 0,164942,2,3,5,09,10,6,0,0,0,1,0,0,0,1
"POINT (10.792099211000050 52.424311745000068)",Unfall 164978 (2023) Kat:3, Licht: 0,164978,3,6,2,09,18,5,0,0,0,1,0,0,0,0
"POINT (10.788648840000064 52.425082768000038)",Unfall 164979 (2023) Kat:3, Licht: 0,164979,3,6,3,09,17,5,0,0,0,1,0,1,0,0
"POINT (10.808676480000031 52.427216227000031)",Unfall 165021 (2023) Kat:3, Licht: 0,165021,3,3,5,09,11,4,0,0,1,1,0,0,0,0
"POINT (10.791273298000021 52.427951074000077)",Unfall 165022 (2023) Kat:3, Licht: 0,165022,3,3,0,09,17,4,1,0,1,1,0,0,0,0
"POINT (10.768703384000048 52.426769107000041)",Unfall 165058 (2023) Kat:3, Licht: 0,165058,3,2,2,09,15,3,0,0,0,1,0,0,0,0
"POINT (10.763532327000064 52.411932154000056)",Unfall 165067 (2023) Kat:2, Licht: 0,165067,2,4,6,09,17,2,0,0,0,1,1,0,0,0
"POINT (10.727978499000073 52.424797474000059)",Unfall 165215 (2023) Kat:3, Licht: 0,165215,3,2,4,09,07,5,0,0,0,1,0,0,0,0
"POINT (10.848927051000032 52.431148724000082)",Unfall 165278 (2023) Kat:3, Licht: 2,165278,3,6,4,09,22,4,0,2,0,1,0,0,0,0
"POINT (10.787306666000063 52.422390146000055)",Unfall 165329 (2023) Kat:3, Licht: 0,165329,3,7,6,09,16,3,0,0,0,0,1,0,0,1
"POINT (10.788109448000057 52.421081971000035)",Unfall 165331 (2023) Kat:3, Licht: 0,165331,3,2,4,09,17,3,0,0,1,1,0,0,0,0
"POINT (10.787789585000041 52.428784455000027)",Unfall 165332 (2023) Kat:2, Licht: 0,165332,2,3,5,09,06,3,0,0,0,1,0,0,0,1
"POINT (10.824363940000069 52.427356811000038)",Unfall 165424 (2023) Kat:3, Licht: 0,165424,3,6,2,09,16,2,0,0,0,1,0,0,0,0
"POINT (10.754460022000046 52.419412707000049)",Unfall 165431 (2023) Kat:3, Licht: 0,165431,3,3,5,09,16,1,0,0,0,1,0,1,0,0
"POINT (10.842105549000053 52.423389124000039)",Unfall 165444 (2023) Kat:3, Licht: 0,165444,3,3,5,09,08,6,0,0,0,1,0,1,0,0
"POINT (10.767785804000027 52.427189819000034)",Unfall 165445 (2023) Kat:3, Licht: 0,165445,3,3,5,09,16,6,0,0,0,1,0,1,0,0
"POINT (10.777526794000039 52.351082190000056)",Unfall 165484 (2023) Kat:3, Licht: 0,165484,3,3,5,08,16,5,1,0,0,1,0,0,0,0
"POINT (10.752366347000077 52.394822358000056)",Unfall 165511 (2023) Kat:3, Licht: 1,165511,3,3,5,08,08,4,0,1,1,1,0,0,0,0
"POINT (10.783421087000022 52.419367014000045)",Unfall 165548 (2023) Kat:3, Licht: 0,165548,3,5,3,08,15,3,0,0,0,1,0,0,0,1
"POINT (10.743363253000041 52.409499507000078)",Unfall 165584 (2023) Kat:2, Licht: 0,165584,2,2,0,08,11,2,0,0,1,1,0,0,0,0
"POINT (10.754580202000056 52.395239732000050)",Unfall 165587 (2023) Kat:3, Licht: 0,165587,3,3,5,08,07,2,0,0,0,1,0,0,0,0
"POINT (10.786444362000054 52.417494650000037)",Unfall 165717 (2023) Kat:3, Licht: 2,165717,3,6,0,08,22,5,0,2,1,0,0,0,0,1
"POINT (10.833059185000025 52.454417233000072)",Unfall 165767 (2023) Kat:3, Licht: 2,165767,3,3,5,10,20,3,1,2,0,1,0,1,0,0
"POINT (10.841765476000035 52.425784827000030)",Unfall 165791 (2023) Kat:3, Licht: 0,165791,3,7,0,10,15,2,0,0,0,0,0,1,0,0