WKT,Name,OBJECTID,UKATEGORIE,UTYP1,UART,UMONAT,USTUNDE,UWOCHENTAG,STRZUSTAND,ULICHTVERH,ISTRAD,ISTPKW,ISTFUSS,ISTKRAD,ISTGKFZ,ISTSONSTIG
"POINT (10.807065014000045 52.443666065000059)",Unfall 165792 (2023) Kat:3, Licht: 1,165792,3,3,0,10,17,2,0,1,1,1,0,0,0,0
"POINT (10.716199306000021 52.425139043000058)",Unfall 165826 (2023) Kat:3, Licht: 0,165826,3,7,7,10,10,7,1,0,0,1,0,0,0,0
"POINT (10.720768156000076 52.420736650000038)",Unfall 165907 (2023) Kat:2, Licht: 0,165907,2,6,2,10,15,4,0,0,0,1,0,0,0,0
"POINT (10.786004438000077 52.418020173000059)",Unfall 166050 (2023) Kat:3, Licht: 0,166050,3,3,5,10,16,5,1,0,0,1,0,0,0,0
"POINT (10.748664349000023 52.390662132000045)",Unfall 166203 (2023) Kat:2, Licht: 0,166203,2,4,6,10,08,6,1,0,0,0,1,0,0,1
"POINT (10.804350760000034 52.417490380000061)",Unfall 166204 (2023) Kat:3, Licht: 0,166204,3,6,2,10,16,6,0,0,0,1,0,0,0,0
"POINT (10.774732515000039 52.426937408000072)",Unfall 166301 (2023) Kat:3, Licht: 2,166301,3,3,5,10,22,3,0,2,1,1,0,0,0,0
"POINT (10.784461093000061 52.442353344000026)",Unfall 166332 (2023) Kat:3, Licht: 2,166332,3,6,3,10,22,2,0,2,0,1,0,0,0,0
"POINT (10.792028058000028 52.427651746000038)",Unfall 166334 (2023) Kat:3, Licht: 0,166334,3,7,2,10,16,2,1,0,1,1,0,0,0,0
"POINT (10.784433700000022 52.421945489000052)",Unfall 166373 (2023) Kat:3, Licht: 2,166373,3,6,2,10,20,7,0,2,0,1,0,0,0,0
"POINT (10.841297229000077 52.413539821000029)",Unfall 166411 (2023) Kat:3, Licht: 0,166411,3,3,5,10,13,6,0,0,0,1,0,0,0,1
"POINT (10.757220253000071 52.419994736000035)",Unfall 166572 (2023) Kat:3, Licht: 2,166572,3,5,2,10,21,1,0,2,0,1,0,0,0,0
"POINT (10.748518288000071 52.363442766000048)",Unfall 166582 (2023) Kat:1, Licht: 0,166582,1,3,5,10,15,7,1,0,0,1,0,0,0,0
"POINT (10.741321485000071 52.399106222000057)",Unfall 166662 (2023) Kat:3, Licht: 0,166662,3,7,5,09,13,5,0,0,0,1,0,0,0,1
"POINT (10.787352410000040 52.419967752000048)",Unfall 166711 (2023) Kat:3, Licht: 0,166711,3,2,5,09,07,4,0,0,1,1,0,0,0,0
"POINT (10.754302718000076 52.423775060000082)",Unfall 166757 (2023) Kat:3, Licht: 1,166757,3,3,5,12,15,4,1,1,0,1,0,1,0,0
"POINT (10.781833649000021 52.428148323000073)",Unfall 167071 (2023) Kat:3, Licht: 2,167071,3,2,5,11,06,4,2,2,0,1,0,0,0,1
"POINT (10.754577936000032 52.419517739000071)",Unfall 167165 (2023) Kat:3, Licht: 2,167165,3,1,9,11,01,7,1,2,0,1,0,0,0,0
"POINT (10.763710735000075 52.411836598000036)",Unfall 167204 (2023) Kat:2, Licht: 1,167204,2,2,6,11,16,6,1,1,0,1,1,0,0,0
"POINT (10.807870764000029 52.443897729000071)",Unfall 167205 (2023) Kat:3, Licht: 0,167205,3,2,5,11,13,6,1,0,0,1,0,0,0,1
"POINT (10.850611795000077 52.457742893000045)",Unfall 167452 (2023) Kat:3, Licht: 2,167452,3,3,5,11,16,5,0,2,0,1,0,0,0,0
"POINT (10.754646096000045 52.395260359000076)",Unfall 167531 (2023) Kat:2, Licht: 0,167531,2,3,5,12,11,6,0,0,0,1,0,0,0,0
"POINT (10.829679167000052 52.422920609000073)",Unfall 167672 (2023) Kat:3, Licht: 2,167672,3,2,5,11,17,5,0,2,1,1,0,0,0,0
"POINT (10.813200014000074 52.427149195000027)",Unfall 167674 (2023) Kat:3, Licht: 0,167674,3,2,4,11,15,5,1,0,0,1,0,0,0,0
"POINT (10.740836293000029 52.406194560000074)",Unfall 167735 (2023) Kat:3, Licht: 0,167735,3,7,6,11,13,3,0,0,0,0,1,0,0,1
"POINT (10.701629018000062 52.424970925000082)",Unfall 167767 (2023) Kat:2, Licht: 2,167767,2,3,5,11,05,2,0,2,1,1,0,0,0,0
"POINT (10.783220523000068 52.418523571000037)",Unfall 167830 (2023) Kat:3, Licht: 0,167830,3,1,9,11,11,6,0,0,0,1,0,0,0,0
"POINT (10.776103415000023 52.427410201000043)",Unfall 168708 (2023) Kat:3, Licht: 0,168708,3,2,3,12,18,5,0,0,0,1,0,0,0,1
"POINT (10.837561282000024 52.438984129000062)",Unfall 168832 (2023) Kat:3, Licht: 0,168832,3,3,5,12,15,5,1,0,0,1,0,0,0,0
"POINT (10.716246058000024 52.424205516000029)",Unfall 168833 (2023) Kat:3, Licht: 2,168833,3,3,5,12,07,5,1,2,0,1,0,0,0,1
"POINT (10.751170312000056 52.416535527000065)",Unfall 168834 (2023) Kat:3, Licht: 2,168834,3,3,5,12,17,5,1,2,0,1,0,0,0,0
"POINT (10.784695924000061 52.421878889000027)",Unfall 168835 (2023) Kat:3, Licht: 1,168835,3,6,2,12,16,5,1,1,0,1,0,0,0,0
"POINT (10.807216743000026 52.427158497000050)",Unfall 168836 (2023) Kat:3, Licht: 2,168836,3,2,6,12,07,5,1,2,0,0,1,0,0,1
"POINT (10.794014175000029 52.416534989000070)",Unfall 168997 (2023) Kat:3, Licht: 0,168997,3,3,5,12,13,6,0,0,0,1,0,0,0,0
"POINT (10.767680135000035 52.462370250000049)",Unfall 263182 (2023) Kat:3, Licht: 1,263182,3,7,6,02,17,3,0,1,1,0,1,0,0,0
"POINT (10.807578162000027 52.439041685000063)",Unfall 263207 (2023) Kat:3, Licht: 2,263207,3,6,4,03,05,2,0,2,1,0,0,0,0,0
"POINT (10.748095614000022 52.393117430000075)",Unfall 263266 (2023) Kat:2, Licht: 0,263266,2,6,4,05,17,5,0,0,1,0,0,0,0,0
"POINT (10.805551422000065 52.452455099000076)",Unfall 263281 (2023) Kat:3, Licht: 0,263281,3,3,5,05,13,4,0,0,1,1,0,0,0,0
"POINT (10.735563784000021 52.430765084000029)",Unfall 263403 (2023) Kat:2, Licht: 0,263403,2,1,9,07,12,7,0,0,1,0,0,0,0,0
"POINT (10.769788353000024 52.404154520000077)",Unfall 263435 (2023) Kat:3, Licht: 2,263435,3,6,4,07,01,7,0,2,1,0,0,0,0,0
"POINT (10.856746407000060 52.460884844000077)",Unfall 263580 (2023) Kat:2, Licht: 0,263580,2,7,4,10,18,6,0,0,1,1,0,0,0,0
"POINT (10.874470109000072 52.429153651000036)",Unfall 7718 (2024) Kat:3, Licht: 2,7718,3,2,4,02,05,6,0,2,0,1,0,0,0,0
"POINT (10.848318961000075 52.369391678000056)",Unfall 7742 (2024) Kat:3, Licht: 0,7742,3,1,4,02,09,5,0,0,0,1,0,0,0,0
"POINT (10.736878997000076 52.434781658000077)",Unfall 7956 (2024) Kat:3, Licht: 0,7956,3,7,8,01,10,5,0,0,0,0,0,0,1,0
"POINT (10.767951186000062 52.403444070000035)",Unfall 8124 (2024) Kat:3, Licht: 2,8124,3,7,1,01,22,2,0,2,0,1,0,0,0,0
"POINT (10.843058436000035 52.437753147000080)",Unfall 8193 (2024) Kat:3, Licht: 0,8193,3,6,2,01,08,5,0,0,0,1,0,0,0,0
"POINT (10.737290498000050 52.386484792000033)",Unfall 8440 (2024) Kat:3, Licht: 2,8440,3,6,2,01,07,5,2,2,0,1,0,0,0,0
"POINT (10.871950569000035 52.471516093000048)",Unfall 8844 (2024) Kat:2, Licht: 2,8844,2,1,8,01,02,2,0,2,0,1,0,0,0,0
"POINT (10.825331546000029 52.439323331000026)",Unfall 9286 (2024) Kat:3, Licht: 0,9286,3,6,2,01,14,6,0,0,0,1,0,0,0,0
"POINT (10.825191195000059 52.439353796000034)",Unfall 9842 (2024) Kat:3, Licht: 0,9842,3,3,5,01,12,6,0,0,0,1,0,1,0,0
"POINT (10.828917659000069 52.449725859000068)",Unfall 10239 (2024) Kat:3, Licht: 0,10239,3,6,2,03,14,7,0,0,0,1,0,0,0,0
"POINT (10.822785013000043 52.439719553000032)",Unfall 10416 (2024) Kat:3, Licht: 0,10416,3,6,2,02,15,2,0,0,0,1,0,0,0,0
"POINT (10.874511482000059 52.429134626000064)",Unfall 10568 (2024) Kat:3, Licht: 2,10568,3,2,4,02,05,5,1,2,0,1,0,0,0,0
"POINT (10.823050327000033 52.439695893000078)",Unfall 10569 (2024) Kat:3, Licht: 0,10569,3,6,2,02,15,5,0,0,0,1,0,0,0,0
"POINT (10.820405955000069 52.471556115000055)",Unfall 10695 (2024) Kat:3, Licht: 1,10695,3,2,3,02,17,2,1,1,0,1,0,1,0,0
"POINT (10.726426350000054 52.355082489000040)",Unfall 10923 (2024) Kat:3, Licht: 0,10923,3,6,2,02,08,3,0,0,0,1,0,0,0,0
"POINT (10.849836622000055 52.434801344000050)",Unfall 11184 (2024) Kat:3, Licht: 0,11184,3,1,9,02,08,4,1,0,0,1,0,0,0,0
"POINT (10.724711482000032 52.375725305000060)",Unfall 11276 (2024) Kat:3, Licht: 2,11276,3,7,8,02,06,2,1,2,0,1,0,0,0,0
"POINT (10.850155619000077 52.434837862000052)",Unfall 11989 (2024) Kat:3, Licht: 0,11989,3,6,3,04,20,1,0,0,1,1,0,0,0,0
"POINT (10.781885694000039 52.453161171000033)",Unfall 12220 (2024) Kat:3, Licht: 0,12220,3,2,4,04,15,2,0,0,0,1,0,0,0,0
"POINT (10.874213728000029 52.429271641000071)",Unfall 12479 (2024) Kat:3, Licht: 0,12479,3,6,2,04,11,2,0,0,0,1,0,0,0,0
"POINT (10.836702517000049 52.331736086000035)",Unfall 13171 (2024) Kat:3, Licht: 0,13171,3,3,5,03,11,7,0,0,0,1,0,1,0,0
"POINT (10.741753388000063 52.380459409000082)",Unfall 13301 (2024) Kat:3, Licht: 0,13301,3,2,5,03,16,4,0,0,0,1,0,0,0,0
"POINT (10.775433168000063 52.453467780000040)",Unfall 13512 (2024) Kat:2, Licht: 1,13512,2,2,0,03,19,6,1,1,0,1,0,0,1,0
"POINT (10.828135102000033 52.449041431000069)",Unfall 13552 (2024) Kat:3, Licht: 0,13552,3,6,2,03,16,5,1,0,0,1,0,0,0,0
"POINT (10.736764318000041 52.435870138000041)",Unfall 13555 (2024) Kat:3, Licht: 0,13555,3,3,5,03,10,5,0,0,0,1,0,0,0,1
"POINT (10.671145913000032 52.406372021000038)",Unfall 13745 (2024) Kat:3, Licht: 0,13745,3,3,5,03,13,7,0,0,0,1,0,1,0,0
"POINT (10.725735891000056 52.356728387000032)",Unfall 13879 (2024) Kat:3, Licht: 0,13879,3,6,2,03,07,5,0,0,0,1,0,0,0,0
"POINT (10.781864483000049 52.453153051000072)",Unfall 13912 (2024) Kat:2, Licht: 2,13912,2,2,4,08,22,5,0,2,0,1,0,1,0,0
"POINT (10.691201929000044 52.437122169000077)",Unfall 14081 (2024) Kat:3, Licht: 0,14081,3,7,9,08,08,7,0,0,0,1,0,0,0,0
"POINT (10.847943538000038 52.414957534000052)",Unfall 14406 (2024) Kat:3, Licht: 0,14406,3,6,2,07,14,4,0,0,0,1,0,0,0,0
"POINT (10.821762850000027 52.462909810000042)",Unfall 14726 (2024) Kat:3, Licht: 0,14726,3,1,8,07,15,1,1,0,0,1,0,0,0,0
"POINT (10.839314169000033 52.436983848000068)",Unfall 14766 (2024) Kat:3, Licht: 0,14766,3,7,6,07,08,7,0,0,0,1,1,0,0,0
"POINT (10.840767908000032 52.403925082000058)",Unfall 15333 (2024) Kat:3, Licht: 2,15333,3,1,9,07,23,5,0,2,0,1,0,0,0,0
"POINT (10.671146509000039 52.406372680000061)",Unfall 15482 (2024) Kat:3, Licht: 0,15482,3,2,5,07,12,2,1,0,0,1,0,0,0,0
"POINT (10.745989646000055 52.369141174000049)",Unfall 15483 (2024) Kat:3, Licht: 0,15483,3,6,2,07,11,2,1,0,0,1,0,0,0,0
"POINT (10.828853041000059 52.438392594000049)",Unfall 15649 (2024) Kat:3, Licht: 0,15649,3,7,9,06,12,5,0,0,0,1,0,0,0,0
"POINT (10.827552512000068 52.340688932000035)",Unfall 15718 (2024) Kat:3, Licht: 0,15718,3,3,5,06,12,5,0,0,0,1,0,1,0,0
"POINT (10.782706112000028 52.428070406000074)",Unfall 16006 (2024) Kat:3, Licht: 0,16006,3,2,5,07,15,6,0,0,1,1,0,0,0,0
"POINT (10.851235495000026 52.382276763000050)",Unfall 16119 (2024) Kat:3, Licht: 0,16119,3,6,0,06,16,3,0,0,0,1,0,0,0,1
"POINT (10.841004873000031 52.442025200000046)",Unfall 16188 (2024) Kat:3, Licht: 0,16188,3,2,4,06,17,2,0,0,1,1,0,0,0,0
"POINT (10.757459962000041 52.401498569000069)",Unfall 16356 (2024) Kat:3, Licht: 0,16356,3,1,8,06,14,5,0,0,0,1,0,0,0,0
"POINT (10.840638117000026 52.437425009000037)",Unfall 16890 (2024) Kat:2, Licht: 0,16890,2,6,2,06,12,2,0,0,0,1,0,0,0,0
"POINT (10.730256083000029 52.368155136000041)",Unfall 17256 (2024) Kat:1, Licht: 0,17256,1,6,4,05,15,3,0,0,0,1,0,0,1,0
"POINT (10.735826372000076 52.388066347000063)",Unfall 17261 (2024) Kat:3, Licht: 0,17261,3,6,2,05,16,3,0,0,0,1,0,0,0,0
"POINT (10.823206523000067 52.450110232000043)",Unfall 17512 (2024) Kat:3, Licht: 2,17512,3,1,8,05,21,6,1,2,0,1,0,0,0,0
"POINT (10.776504043000045 52.451347053000063)",Unfall 17586 (2024) Kat:2, Licht: 0,17586,2,2,4,05,07,5,0,0,0,1,0,1,0,0
"POINT (10.855166269000051 52.388969355000029)",Unfall 17792 (2024) Kat:3, Licht: 0,17792,3,1,0,05,14,2,0,0,1,0,0,0,0,0
"POINT (10.849727404000021 52.396917193000036)",Unfall 17817 (2024) Kat:3, Licht: 0,17817,3,1,1,08,14,5,1,0,0,1,0,0,0,0
"POINT (10.793250214000068 52.345350338000060)",Unfall 17888 (2024) Kat:3, Licht: 0,17888,3,6,4,05,16,5,1,0,1,0,0,0,0,0
"POINT (10.830342006000024 52.451017133000050)",Unfall 18386 (2024) Kat:3, Licht: 0,18386,3,6,2,09,07,2,1,0,0,1,0,0,0,0
"POINT (10.831286269000032 52.451968584000042)",Unfall 18683 (2024) Kat:3, Licht: 2,18683,3,3,5,09,05,3,0,2,0,1,0,0,0,0
"POINT (10.744567245000042 52.461226778000082)",Unfall 18736 (2024) Kat:3, Licht: 0,18736,3,6,2,09,14,2,0,0,0,1,0,0,0,0
"POINT (10.808719804000077 52.438948112000048)",Unfall 18746 (2024) Kat:3, Licht: 0,18746,3,2,5,09,09,5,0,0,1,1,0,0,0,0
"POINT (10.822239489000026 52.340875891000053)",Unfall 18787 (2024) Kat:2, Licht: 0,18787,2,1,9,09,18,1,0,0,1,0,0,0,0,0
"POINT (10.732801394000035 52.385649572000034)",Unfall 19163 (2024) Kat:3, Licht: 0,19163,3,7,8,08,18,1,0,0,0,1,0,0,0,0
"POINT (10.721293534000040 52.366951902000039)",Unfall 19474 (2024) Kat:3, Licht: 0,19474,3,6,3,08,15,2,0,0,1,1,0,0,0,0
"POINT (10.735627314000055 52.387914056000056)",Unfall 19945 (2024) Kat:3, Licht: 2,19945,3,6,2,11,17,7,0,2,0,1,0,0,0,0
"POINT (10.834773773000052 52.458350910000036)",Unfall 20037 (2024) Kat:3, Licht: 2,20037,3,6,2,10,05,4,1,2,0,1,0,0,0,0
"POINT (10.723130199000025 52.369981316000064)",Unfall 20450 (2024) Kat:3, Licht: 0,20450,3,6,3,10,10,2,0,0,0,1,0,0,1,0
"POINT (10.791050418000054 52.427858402000027)",Unfall 20532 (2024) Kat:3, Licht: 0,20532,3,3,5,10,15,7,0,0,0,1,0,0,0,1
"POINT (10.825467744000036 52.444884583000032)",Unfall 20644 (2024) Kat:3, Licht: 0,20644,3,6,2,10,13,5,0,0,0,1,0,0,0,0
"POINT (10.848835136000048 52.403083160000051)",Unfall 20795 (2024) Kat:3, Licht: 2,20795,3,7,7,10,19,1,0,2,0,1,0,0,0,0
"POINT (10.722903686000052 52.368293780000045)",Unfall 20838 (2024) Kat:3, Licht: 0,20838,3,1,0,10,15,2,1,0,0,1,0,1,0,0
"POINT (10.757036817000028 52.453353561000029)",Unfall 21542 (2024) Kat:3, Licht: 0,21542,3,3,5,09,15,6,0,0,1,1,0,0,0,0
"POINT (10.862340299000039 52.465458616000035)",Unfall 21839 (2024) Kat:2, Licht: 0,21839,2,3,5,09,12,7,0,0,0,1,0,0,0,0
"POINT (10.745572911000068 52.369485251000071)",Unfall 22058 (2024) Kat:2, Licht: 0,22058,2,7,0,09,10,4,0,0,0,1,0,0,0,0
"POINT (10.835375349000060 52.459153759000060)",Unfall 23047 (2024) Kat:3, Licht: 0,23047,3,6,4,12,11,2,1,0,0,1,0,0,0,0
"POINT (10.779084239000042 52.451761958000077)",Unfall 23585 (2024) Kat:3, Licht: 1,23585,3,6,4,12,06,2,1,1,0,1,0,0,0,0
"POINT (10.828046245000053 52.448963713000069)",Unfall 23723 (2024) Kat:2, Licht: 2,23723,2,6,1,12,15,6,0,2,0,1,0,0,0,0
"POINT (10.765679591000037 52.456171377000032)",Unfall 23844 (2024) Kat:1, Licht: 0,23844,1,1,4,12,10,4,1,0,0,1,0,0,0,1
"POINT (10.848293559000069 52.369007669000041)",Unfall 23898 (2024) Kat:2, Licht: 1,23898,2,1,8,12,16,3,1,1,0,1,0,0,0,0
"POINT (10.735462504000054 52.422843619000048)",Unfall 23953 (2024) Kat:3, Licht: 2,23953,3,2,2,12,16,2,1,2,0,1,0,0,0,0
"POINT (10.894089347000033 52.419216095000081)",Unfall 23990 (2024) Kat:2, Licht: 2,23990,2,1,9,12,22,1,2,2,0,1,0,0,0,0
"POINT (10.837772112000039 52.334781867000061)",Unfall 23991 (2024) Kat:3, Licht: 0,23991,3,6,0,12,14,1,0,0,0,1,0,0,0,0
"POINT (10.738557589000038 52.368934309000053)",Unfall 24141 (2024) Kat:3, Licht: 2,24141,3,2,4,11,07,5,1,2,0,1,0,0,0,0
"POINT (10.828597564000063 52.449445906000051)",Unfall 24216 (2024) Kat:3, Licht: 0,24216,3,6,2,11,13,4,1,0,0,1,0,0,0,0
"POINT (10.723758813000074 52.362069457000075)",Unfall 24281 (2024) Kat:3, Licht: 2,24281,3,6,2,11,21,3,1,2,0,1,0,0,0,0
"POINT (10.736221982000075 52.422876481000060)",Unfall 24283 (2024) Kat:3, Licht: 2,24283,3,3,5,12,18,3,1,2,1,1,0,0,0,0
"POINT (10.737794588000042 52.392884302000027)",Unfall 24414 (2024) Kat:3, Licht: 2,24414,3,1,8,11,01,7,2,2,0,1,0,0,0,0
"POINT (10.785066863000054 52.462508772000035)",Unfall 24721 (2024) Kat:3, Licht: 0,24721,3,1,4,12,11,2,0,0,0,1,0,0,1,0
"POINT (10.732987122000054 52.407632567000064)",Unfall 24752 (2024) Kat:3, Licht: 0,24752,3,1,8,11,14,2,0,0,0,1,0,0,0,0
"POINT (10.794919351000033 52.439532860000043)",Unfall 24837 (2024) Kat:3, Licht: 2,24837,3,7,0,11,21,7,1,2,0,1,0,0,0,0
"POINT (10.807442695000077 52.441113141000073)",Unfall 155397 (2024) Kat:3, Licht: 0,155397,3,6,2,01,15,3,1,0,0,1,0,0,0,0
"POINT (10.760655282000073 52.414582924000058)",Unfall 157138 (2024) Kat:3, Licht: 2,157138,3,5,1,02,22,2,1,2,0,1,0,0,0,0
"POINT (10.700329120000049 52.397019084000078)",Unfall 157213 (2024) Kat:3, Licht: 0,157213,3,6,2,02,11,5,0,0,0,1,0,0,0,1
"POINT (10.695056323000074 52.424811921000071)",Unfall 157241 (2024) Kat:3, Licht: 0,157241,3,3,5,02,10,4,1,0,0,1,0,0,1,0
"POINT (10.781584340000052 52.424264091000055)",Unfall 157242 (2024) Kat:3, Licht: 0,157242,3,4,6,02,14,4,0,0,0,1,1,0,0,0
"POINT (10.789624449000030 52.415906468000060)",Unfall 157243 (2024) Kat:3, Licht: 0,157243,3,5,2,02,08,4,1,0,0,1,0,0,0,0
"POINT (10.760153754000044 52.425985285000081)",Unfall 157288 (2024) Kat:3, Licht: 2,157288,3,3,5,02,22,2,1,2,1,1,0,0,0,0
"POINT (10.813200928000072 52.427230732000055)",Unfall 157306 (2024) Kat:3, Licht: 0,157306,3,3,0,02,10,7,0,0,1,1,0,0,0,0
"POINT (10.765072583000062 52.413362030000030)",Unfall 157336 (2024) Kat:3, Licht: 0,157336,3,3,5,02,14,6,1,0,0,1,0,0,0,0
"POINT (10.788357446000077 52.444079183000042)",Unfall 157416 (2024) Kat:3, Licht: 2,157416,3,7,0,02,22,4,0,2,0,1,0,0,0,0
"POINT (10.771599533000028 52.412728316000027)",Unfall 157417 (2024) Kat:3, Licht: 0,157417,3,7,0,02,14,4,0,0,1,1,0,0,0,0
"POINT (10.787060151000048 52.428885667000031)",Unfall 157485 (2024) Kat:3, Licht: 2,157485,3,2,6,02,20,7,1,2,0,1,1,0,0,0
"POINT (10.801503238000066 52.450067768000054)",Unfall 157500 (2024) Kat:2, Licht: 1,157500,2,4,0,02,07,6,1,1,0,1,1,0,0,0
"POINT (10.730212026000061 52.369366422000041)",Unfall 157584 (2024) Kat:3, Licht: 0,157584,3,6,2,01,16,2,0,0,0,1,0,0,0,0
"POINT (10.760156561000031 52.425926529000037)",Unfall 157660 (2024) Kat:3, Licht: 2,157660,3,2,5,01,06,4,1,2,0,1,0,0,0,0
"POINT (10.712509887000067 52.393304011000055)",Unfall 157689 (2024) Kat:3, Licht: 2,157689,3,2,5,02,17,7,0,2,0,1,0,1,0,0
"POINT (10.813257433000047 52.427016258000037)",Unfall 157710 (2024) Kat:3, Licht: 1,157710,3,3,5,01,15,2,1,1,0,1,0,0,0,0
"POINT (10.749675433000050 52.414093555000079)",Unfall 157765 (2024) Kat:2, Licht: 0,157765,2,6,4,01,11,6,1,0,0,1,0,0,0,0
"POINT (10.776647784000033 52.410187021000070)",Unfall 157799 (2024) Kat:2, Licht: 0,157799,2,6,2,01,11,5,0,0,0,1,0,0,0,1
"POINT (10.761796136000044 52.420183503000032)",Unfall 157854 (2024) Kat:2, Licht: 2,157854,2,2,6,01,21,3,1,2,0,1,1,0,0,0
"POINT (10.779416621000053 52.420970729000032)",Unfall 157914 (2024) Kat:3, Licht: 2,157914,3,1,0,01,04,7,1,2,0,0,0,0,0,1
"POINT (10.791389790000039 52.448371376000068)",Unfall 158015 (2024) Kat:3, Licht: 0,158015,3,7,9,01,15,4,0,0,0,1,0,0,0,0
"POINT (10.742445333000035 52.408127318000027)",Unfall 158016 (2024) Kat:2, Licht: 0,158016,2,7,8,01,11,4,0,0,0,1,0,0,0,0
"POINT (10.801845643000036 52.448673362000079)",Unfall 158057 (2024) Kat:3, Licht: 1,158057,3,6,6,01,08,3,1,1,1,0,1,0,0,0
"POINT (10.754393283000070 52.395117759000073)",Unfall 158080 (2024) Kat:3, Licht: 0,158080,3,6,2,01,11,2,1,0,0,1,0,0,0,0
"POINT (10.711691087000077 52.420862346000035)",Unfall 158112 (2024) Kat:3, Licht: 2,158112,3,2,6,01,18,7,2,2,0,1,1,0,0,0
"POINT (10.762859566000031 52.419462528000054)",Unfall 158151 (2024) Kat:3, Licht: 0,158151,3,7,2,01,12,2,0,0,1,1,0,0,0,0
"POINT (10.725549818000047 52.398834818000068)",Unfall 158159 (2024) Kat:2, Licht: 2,158159,2,3,5,01,07,5,1,2,1,1,0,0,0,0
"POINT (10.754179985000064 52.423771136000028)",Unfall 158175 (2024) Kat:3, Licht: 0,158175,3,3,5,04,15,2,0,0,0,1,0,0,0,1
"POINT (10.788750138000069 52.444527158000028)",Unfall 158176 (2024) Kat:2, Licht: 0,158176,2,3,5,04,12,2,0,0,1,1,0,0,0,0
"POINT (10.752818201000025 52.411109595000028)",Unfall 158247 (2024) Kat:3, Licht: 0,158247,3,2,3,04,10,6,0,0,1,1,0,0,0,0
"POINT (10.770292398000038 52.420594498000071)",Unfall 158322 (2024) Kat:3, Licht: 0,158322,3,6,2,04,13,3,0,0,0,1,0,0,0,0
"POINT (10.709980399000074 52.415284229000065)",Unfall 158333 (2024) Kat:3, Licht: 0,158333,3,2,2,04,16,2,1,0,0,1,0,0,0,0
"POINT (10.729167061000055 52.369205045000058)",Unfall 158407 (2024) Kat:3, Licht: 0,158407,3,1,0,03,14,5,0,0,0,0,0,1,0,0
"POINT (10.786403362000044 52.427810859000033)",Unfall 158438 (2024) Kat:3, Licht: 0,158438,3,3,5,03,16,3,0,0,1,1,0,0,0,0
"POINT (10.813232092000021 52.427128107000044)",Unfall 158439 (2024) Kat:3, Licht: 0,158439,3,2,4,03,08,3,0,0,0,1,0,0,0,0
"POINT (10.754215513000076 52.419621168000049)",Unfall 158503 (2024) Kat:3, Licht: 0,158503,3,6,2,03,16,6,1,0,0,1,0,0,0,0
"POINT (10.797554513000023 52.424398202000077)",Unfall 158668 (2024) Kat:3, Licht: 0,158668,3,2,3,03,14,5,0,0,0,1,0,1,0,0
"POINT (10.846087594000039 52.448101818000055)",Unfall 158740 (2024) Kat:3, Licht: 0,158740,3,7,6,03,15,2,0,0,0,1,1,0,0,0
"POINT (10.783706869000071 52.419788679000078)",Unfall 158765 (2024) Kat:3, Licht: 2,158765,3,6,0,03,18,7,0,2,0,1,0,0,0,1
"POINT (10.813195682000071 52.427103079000062)",Unfall 158808 (2024) Kat:3, Licht: 0,158808,3,2,4,03,10,5,0,0,0,1,0,0,1,0
"POINT (10.851364866000040 52.453006683000069)",Unfall 158833 (2024) Kat:3, Licht: 0,158833,3,3,5,04,14,5,1,0,1,1,0,0,0,0
"POINT (10.751984966000066 52.418278060000034)",Unfall 158852 (2024) Kat:3, Licht: 2,158852,3,6,2,03,21,3,1,2,0,1,0,0,0,0
"POINT (10.839690483000027 52.425448983000081)",Unfall 158880 (2024) Kat:3, Licht: 0,158880,3,3,5,03,14,2,0,0,1,1,0,0,0,0
"POINT (10.780934653000031 52.410788007000065)",Unfall 158897 (2024) Kat:3, Licht: 2,158897,3,1,9,03,06,1,1,2,0,1,0,0,0,0
"POINT (10.793613106000066 52.424243069000056)",Unfall 158898 (2024) Kat:3, Licht: 0,158898,3,6,2,03,13,1,0,0,0,1,0,0,0,0
"POINT (10.829473145000065 52.426356039000041)",Unfall 158954 (2024) Kat:3, Licht: 2,158954,3,1,8,04,23,7,0,2,0,0,0,1,0,0