WKT,Name,OBJECTID,UKATEGORIE,UTYP1,UART,UMONAT,USTUNDE,UWOCHENTAG,STRZUSTAND,ULICHTVERH,ISTRAD,ISTPKW,ISTFUSS,ISTKRAD,ISTGKFZ,ISTSONSTIG
"POINT (10.799256070000069 52.434919550000075)",Unfall 158973 (2024) Kat:3, Licht: 2,158973,3,3,5,02,18,5,0,2,1,1,0,0,0,0
"POINT (10.769015659000047 52.410033247000058)",Unfall 158996 (2024) Kat:3, Licht: 0,158996,3,5,1,02,17,4,0,0,0,1,0,0,0,0
"POINT (10.758730595000031 52.420103071000028)",Unfall 159036 (2024) Kat:3, Licht: 0,159036,3,6,2,04,15,5,1,0,0,1,0,0,0,0
"POINT (10.797232352000037 52.424538581000036)",Unfall 159080 (2024) Kat:3, Licht: 0,159080,3,3,5,02,13,7,0,0,1,1,0,0,0,0
"POINT (10.756352908000054 52.419797190000054)",Unfall 159161 (2024) Kat:3, Licht: 0,159161,3,2,5,02,15,4,0,0,0,1,0,0,0,1
"POINT (10.857251523000059 52.455344289000038)",Unfall 159283 (2024) Kat:2, Licht: 0,159283,2,7,0,05,20,1,0,0,1,0,0,0,0,0
"POINT (10.778801440000052 52.419797896000034)",Unfall 159330 (2024) Kat:2, Licht: 0,159330,2,2,5,05,15,6,0,0,1,1,0,0,0,0
"POINT (10.808699844000046 52.437250599000038)",Unfall 159444 (2024) Kat:3, Licht: 0,159444,3,3,5,05,15,3,0,0,0,1,0,0,0,0
"POINT (10.708074038000063 52.413430066000046)",Unfall 159455 (2024) Kat:3, Licht: 0,159455,3,3,0,05,16,2,0,0,1,1,0,0,0,0
"POINT (10.812441080000042 52.427165412000079)",Unfall 159475 (2024) Kat:3, Licht: 0,159475,3,6,2,05,16,2,0,0,0,1,0,0,0,0
"POINT (10.842629195000029 52.444958786000029)",Unfall 159595 (2024) Kat:3, Licht: 0,159595,3,7,5,05,13,5,0,0,0,0,1,0,0,1
"POINT (10.803126819000056 52.426954055000067)",Unfall 159596 (2024) Kat:3, Licht: 0,159596,3,3,5,05,11,5,0,0,1,1,0,0,0,0
"POINT (10.857156344000032 52.414819343000033)",Unfall 159686 (2024) Kat:3, Licht: 0,159686,3,2,4,04,08,2,0,0,1,1,0,0,0,0
"POINT (10.781834309000033 52.428155658000037)",Unfall 159687 (2024) Kat:3, Licht: 0,159687,3,3,5,04,14,2,0,0,1,1,0,0,0,0
"POINT (10.836921061000055 52.441308259000039)",Unfall 159711 (2024) Kat:3, Licht: 2,159711,3,1,0,04,02,1,0,2,1,0,0,0,0,0
"POINT (10.797271822000027 52.424184124000078)",Unfall 159713 (2024) Kat:3, Licht: 0,159713,3,2,5,04,16,1,0,0,1,1,0,0,0,0
"POINT (10.735208624000052 52.413436729000068)",Unfall 159726 (2024) Kat:3, Licht: 0,159726,3,6,2,04,12,7,0,0,0,1,0,0,0,0
"POINT (10.802141383000048 52.381851775000030)",Unfall 159792 (2024) Kat:3, Licht: 0,159792,3,3,5,04,10,5,0,0,1,1,0,0,0,0
"POINT (10.805788073000031 52.444444440000041)",Unfall 159990 (2024) Kat:3, Licht: 0,159990,3,6,2,04,14,3,0,0,0,1,0,0,0,0
"POINT (10.790685780000047 52.444872746000044)",Unfall 160118 (2024) Kat:3, Licht: 0,160118,3,6,2,04,11,4,0,0,0,1,0,0,0,1
"POINT (10.741421519000028 52.401653514000031)",Unfall 160198 (2024) Kat:3, Licht: 0,160198,3,7,1,04,11,7,0,0,0,1,0,0,0,0
"POINT (10.716765526000074 52.420785124000076)",Unfall 160232 (2024) Kat:3, Licht: 0,160232,3,2,6,04,09,2,0,0,0,1,1,0,0,0
"POINT (10.745561161000069 52.435929987000065)",Unfall 160375 (2024) Kat:3, Licht: 0,160375,3,3,0,06,15,5,0,0,1,1,0,0,0,0
"POINT (10.792025631000058 52.427615536000076)",Unfall 160440 (2024) Kat:3, Licht: 0,160440,3,3,5,06,19,3,0,0,1,1,0,0,0,0
"POINT (10.745345239000073 52.408770097000058)",Unfall 160499 (2024) Kat:3, Licht: 0,160499,3,7,8,06,17,1,0,0,0,0,0,1,0,0
"POINT (10.761937047000060 52.420438375000060)",Unfall 160589 (2024) Kat:3, Licht: 0,160589,3,2,5,06,09,5,0,0,1,1,0,0,0,0
"POINT (10.782487185000036 52.422245718000056)",Unfall 160662 (2024) Kat:2, Licht: 0,160662,2,3,5,06,07,3,0,0,1,1,0,0,0,0
"POINT (10.739575458000047 52.396215565000034)",Unfall 160713 (2024) Kat:3, Licht: 0,160713,3,3,5,06,16,1,0,0,0,0,0,1,0,1
"POINT (10.732202834000077 52.396722346000047)",Unfall 160854 (2024) Kat:3, Licht: 0,160854,3,2,4,05,17,4,1,0,1,1,0,0,0,0
"POINT (10.786305814000059 52.442932519000067)",Unfall 160855 (2024) Kat:3, Licht: 0,160855,3,7,5,05,08,4,0,0,0,1,0,0,0,0
"POINT (10.784264438000037 52.413161082000045)",Unfall 160907 (2024) Kat:3, Licht: 0,160907,3,3,5,05,14,2,0,0,0,1,0,0,0,0
"POINT (10.753873757000065 52.423383642000033)",Unfall 161003 (2024) Kat:2, Licht: 0,161003,2,2,4,05,09,6,0,0,1,1,0,0,0,0
"POINT (10.705125413000076 52.393600496000033)",Unfall 161038 (2024) Kat:3, Licht: 0,161038,3,5,6,05,07,5,0,0,0,1,1,0,0,0
"POINT (10.791698268000061 52.429257349000068)",Unfall 161039 (2024) Kat:3, Licht: 0,161039,3,3,5,05,16,5,0,0,1,1,0,0,0,0
"POINT (10.752810822000072 52.401552665000054)",Unfall 161040 (2024) Kat:3, Licht: 0,161040,3,7,6,05,09,5,0,0,0,1,1,0,0,0
"POINT (10.736222468000051 52.413174128000037)",Unfall 161041 (2024) Kat:3, Licht: 0,161041,3,6,2,05,14,5,0,0,0,1,0,0,0,0
"POINT (10.722399023000037 52.420510168000078)",Unfall 161081 (2024) Kat:3, Licht: 0,161081,3,2,4,05,10,4,1,0,0,1,0,0,0,0
"POINT (10.752125530000058 52.418397692000042)",Unfall 161172 (2024) Kat:3, Licht: 0,161172,3,6,2,05,13,1,1,0,0,1,0,0,0,0
"POINT (10.781207594000023 52.425193109000077)",Unfall 161173 (2024) Kat:3, Licht: 2,161173,3,1,9,05,02,1,0,2,0,0,0,0,0,1
"POINT (10.748702152000021 52.363545679000026)",Unfall 161200 (2024) Kat:3, Licht: 0,161200,3,3,5,05,11,7,0,0,0,1,0,0,0,1
"POINT (10.791317869000068 52.428834087000041)",Unfall 161539 (2024) Kat:2, Licht: 0,161539,2,4,6,07,15,4,0,0,0,1,1,0,0,0
"POINT (10.739770646000068 52.407982363000031)",Unfall 161540 (2024) Kat:3, Licht: 0,161540,3,3,5,07,15,4,1,0,0,1,0,0,0,0
"POINT (10.768848620000028 52.426586951000047)",Unfall 161564 (2024) Kat:3, Licht: 0,161564,3,3,5,07,08,3,0,0,0,1,0,0,0,1
"POINT (10.792341334000071 52.427662801000054)",Unfall 161626 (2024) Kat:2, Licht: 0,161626,2,1,0,07,19,7,0,0,1,0,0,0,0,0
"POINT (10.786275581000041 52.451055098000040)",Unfall 161690 (2024) Kat:2, Licht: 0,161690,2,5,1,07,14,5,0,0,1,1,0,0,0,0
"POINT (10.783039693000035 52.422250898000073)",Unfall 161898 (2024) Kat:3, Licht: 0,161898,3,6,2,07,16,3,0,0,0,1,0,0,0,0
"POINT (10.806611804000056 52.419108437000034)",Unfall 161911 (2024) Kat:3, Licht: 0,161911,3,7,6,07,20,7,0,0,0,1,1,0,0,0
"POINT (10.852045934000046 52.433487795000076)",Unfall 161977 (2024) Kat:3, Licht: 0,161977,3,7,5,06,12,7,0,0,1,1,0,0,0,0
"POINT (10.751741240000058 52.414544385000056)",Unfall 161978 (2024) Kat:3, Licht: 0,161978,3,3,5,06,12,7,0,0,1,1,0,0,0,0
"POINT (10.714270748000047 52.420533947000081)",Unfall 162022 (2024) Kat:3, Licht: 2,162022,3,2,4,06,22,6,0,2,0,1,0,1,0,0
"POINT (10.774276510000050 52.420741241000030)",Unfall 162136 (2024) Kat:3, Licht: 0,162136,3,6,2,06,07,3,0,0,0,1,0,0,0,0
"POINT (10.811637434000033 52.422513835000075)",Unfall 162174 (2024) Kat:2, Licht: 0,162174,2,2,0,06,19,2,0,0,1,1,0,0,0,0
"POINT (10.808342755000069 52.439039714000046)",Unfall 162198 (2024) Kat:2, Licht: 2,162198,2,2,4,07,23,6,1,2,0,1,0,0,0,0
"POINT (10.790087392000032 52.428243889000044)",Unfall 162318 (2024) Kat:3, Licht: 1,162318,3,7,6,06,20,5,0,1,1,0,1,0,0,0
"POINT (10.834409419000053 52.448971918000041)",Unfall 162367 (2024) Kat:3, Licht: 0,162367,3,3,5,06,07,4,1,0,1,1,0,0,0,0
"POINT (10.779622037000024 52.428147103000072)",Unfall 162368 (2024) Kat:3, Licht: 0,162368,3,2,4,06,06,4,1,0,0,1,0,1,0,0
"POINT (10.755104943000049 52.390433126000062)",Unfall 162369 (2024) Kat:2, Licht: 0,162369,2,4,6,06,07,4,1,0,0,1,1,0,0,0
"POINT (10.712560345000043 52.393195113000047)",Unfall 162391 (2024) Kat:3, Licht: 0,162391,3,2,4,08,12,2,0,0,0,1,0,0,0,0
"POINT (10.732767948000060 52.423904766000078)",Unfall 162409 (2024) Kat:3, Licht: 2,162409,3,6,2,08,21,1,0,2,0,0,0,1,0,0
"POINT (10.794023565000032 52.416371304000052)",Unfall 162410 (2024) Kat:3, Licht: 0,162410,3,3,5,08,19,1,0,0,0,1,0,0,0,1
"POINT (10.779983088000051 52.447499776000029)",Unfall 162557 (2024) Kat:3, Licht: 0,162557,3,6,9,08,18,3,0,0,1,0,0,0,0,0
"POINT (10.752192027000035 52.418708334000030)",Unfall 162558 (2024) Kat:3, Licht: 0,162558,3,2,5,08,11,3,0,0,1,1,0,0,0,0
"POINT (10.729376342000023 52.421391872000072)",Unfall 162583 (2024) Kat:3, Licht: 0,162583,3,3,5,08,15,2,1,0,1,1,0,0,0,0
"POINT (10.831622571000025 52.442110223000043)",Unfall 162661 (2024) Kat:3, Licht: 0,162661,3,5,1,08,16,6,0,0,0,1,0,1,0,0
"POINT (10.741332734000025 52.401596868000070)",Unfall 162694 (2024) Kat:3, Licht: 0,162694,3,3,5,08,06,5,0,0,0,1,0,0,0,0
"POINT (10.835425807000036 52.444503730000065)",Unfall 162778 (2024) Kat:3, Licht: 0,162778,3,7,4,08,11,3,0,0,0,0,0,0,0,1
"POINT (10.715813714000035 52.409138625000026)",Unfall 162779 (2024) Kat:3, Licht: 0,162779,3,3,5,08,09,3,0,0,1,1,0,0,0,0
"POINT (10.780537003000063 52.421860603000027)",Unfall 162885 (2024) Kat:3, Licht: 0,162885,3,5,1,08,16,7,0,0,0,1,0,0,0,1
"POINT (10.816652471000054 52.444894316000045)",Unfall 162915 (2024) Kat:3, Licht: 1,162915,3,6,2,08,20,6,0,1,0,1,0,0,0,0
"POINT (10.752759718000050 52.400725285000078)",Unfall 163142 (2024) Kat:3, Licht: 0,163142,3,3,5,08,13,7,0,0,1,1,0,0,0,0
"POINT (10.779657568000061 52.426862723000056)",Unfall 163171 (2024) Kat:3, Licht: 0,163171,3,6,4,08,09,6,0,0,0,1,0,0,0,0
"POINT (10.849269339000045 52.434701541000038)",Unfall 163206 (2024) Kat:3, Licht: 0,163206,3,3,5,08,16,5,0,0,0,1,0,0,0,1
"POINT (10.813201130000039 52.427248706000057)",Unfall 163242 (2024) Kat:2, Licht: 0,163242,2,3,5,07,13,4,0,0,1,1,0,0,0,0
"POINT (10.786230984000042 52.425065168000060)",Unfall 163243 (2024) Kat:3, Licht: 0,163243,3,2,5,07,10,4,0,0,1,1,0,0,0,0
"POINT (10.785693132000063 52.450737360000062)",Unfall 163245 (2024) Kat:3, Licht: 0,163245,3,3,5,07,09,4,0,0,1,1,0,0,0,0
"POINT (10.769030298000075 52.424481142000047)",Unfall 163264 (2024) Kat:3, Licht: 2,163264,3,1,7,08,23,5,0,2,0,0,0,0,0,1
"POINT (10.831135762000031 52.449989331000040)",Unfall 163340 (2024) Kat:2, Licht: 2,163340,2,7,6,07,01,1,1,2,0,1,1,0,0,0
"POINT (10.789769165000052 52.425877828000068)",Unfall 163480 (2024) Kat:3, Licht: 0,163480,3,6,0,09,12,6,0,0,0,1,0,0,0,1
"POINT (10.850035486000024 52.451467084000058)",Unfall 163534 (2024) Kat:2, Licht: 0,163534,2,3,5,09,17,4,1,0,0,1,0,1,0,0
"POINT (10.726404183000056 52.370076884000071)",Unfall 163535 (2024) Kat:3, Licht: 0,163535,3,3,5,09,12,4,1,0,0,1,0,0,0,0
"POINT (10.748977824000065 52.411596785000029)",Unfall 163536 (2024) Kat:3, Licht: 0,163536,3,6,2,09,13,4,0,0,0,1,0,0,0,0
"POINT (10.751772545000051 52.424350647000040)",Unfall 163569 (2024) Kat:3, Licht: 0,163569,3,6,2,09,17,3,1,0,0,1,0,0,0,0
"POINT (10.780467978000047 52.422772138000028)",Unfall 163570 (2024) Kat:3, Licht: 0,163570,3,3,5,09,14,3,1,0,1,1,0,0,0,0
"POINT (10.782477714000038 52.422224709000034)",Unfall 163595 (2024) Kat:3, Licht: 0,163595,3,3,5,09,09,2,0,0,1,1,0,0,0,0
"POINT (10.804800756000077 52.422386667000069)",Unfall 163637 (2024) Kat:3, Licht: 0,163637,3,6,3,09,14,7,0,0,0,1,0,0,0,0
"POINT (10.788439261000065 52.427957333000052)",Unfall 163680 (2024) Kat:3, Licht: 0,163680,3,7,5,09,15,6,0,0,0,0,0,0,0,1
"POINT (10.748208500000032 52.423632119000047)",Unfall 163714 (2024) Kat:3, Licht: 0,163714,3,6,2,09,17,5,0,0,0,1,0,1,0,0
"POINT (10.753688970000042 52.422890738000035)",Unfall 163769 (2024) Kat:3, Licht: 0,163769,3,6,2,09,15,3,0,0,0,1,0,0,0,0
"POINT (10.848927051000032 52.431148724000082)",Unfall 163914 (2024) Kat:3, Licht: 0,163914,3,6,2,09,11,5,0,0,1,1,0,0,0,0
"POINT (10.789996721000023 52.427911243000040)",Unfall 163916 (2024) Kat:3, Licht: 1,163916,3,3,5,09,18,5,0,1,0,1,0,0,0,1
"POINT (10.792819643000030 52.427893556000072)",Unfall 163917 (2024) Kat:3, Licht: 0,163917,3,3,5,09,06,5,0,0,1,1,0,0,0,0
"POINT (10.781924624000055 52.425889918000053)",Unfall 163950 (2024) Kat:3, Licht: 0,163950,3,4,0,09,11,4,1,0,1,0,1,0,0,0
"POINT (10.803677166000057 52.422492504000047)",Unfall 163980 (2024) Kat:3, Licht: 0,163980,3,3,5,09,13,3,0,0,1,1,0,0,0,0
"POINT (10.841183918000070 52.441519384000060)",Unfall 164025 (2024) Kat:3, Licht: 1,164025,3,1,4,09,06,2,1,1,0,1,0,0,0,0
"POINT (10.795955648000074 52.427862362000042)",Unfall 164026 (2024) Kat:3, Licht: 0,164026,3,3,0,09,17,2,0,0,1,1,0,0,0,0
"POINT (10.867114519000040 52.413838256000076)",Unfall 164057 (2024) Kat:3, Licht: 0,164057,3,7,0,09,08,1,1,0,0,0,0,0,0,1
"POINT (10.782022138000059 52.453029732000061)",Unfall 164077 (2024) Kat:3, Licht: 0,164077,3,7,9,09,10,7,0,0,0,1,0,0,0,0
"POINT (10.754423589000055 52.394904706000034)",Unfall 164126 (2024) Kat:3, Licht: 0,164126,3,3,0,09,11,6,0,0,0,1,0,0,0,1
"POINT (10.783926882000060 52.416953403000036)",Unfall 164162 (2024) Kat:3, Licht: 0,164162,3,3,5,09,08,5,0,0,1,1,0,0,0,0
"POINT (10.731214022000074 52.398492759000078)",Unfall 164195 (2024) Kat:3, Licht: 0,164195,3,6,3,09,17,4,0,0,0,1,0,1,0,0
"POINT (10.711408439000024 52.420884389000037)",Unfall 164196 (2024) Kat:3, Licht: 0,164196,3,2,2,09,08,4,0,0,0,1,0,0,0,0
"POINT (10.793957822000039 52.427832758000079)",Unfall 164197 (2024) Kat:3, Licht: 0,164197,3,6,6,09,07,4,0,0,0,0,1,0,0,1
"POINT (10.783262840000077 52.422206925000069)",Unfall 164241 (2024) Kat:3, Licht: 0,164241,3,1,8,09,14,3,0,0,0,0,0,1,0,0
"POINT (10.805383820000031 52.427346986000032)",Unfall 164242 (2024) Kat:3, Licht: 0,164242,3,3,5,09,12,3,0,0,1,1,0,0,0,0
"POINT (10.804684017000056 52.427168136000034)",Unfall 164243 (2024) Kat:3, Licht: 0,164243,3,3,5,09,12,3,0,0,1,1,0,0,0,0
"POINT (10.759794074000069 52.410844729000075)",Unfall 164244 (2024) Kat:3, Licht: 2,164244,3,5,1,09,00,3,0,2,0,1,0,0,0,1
"POINT (10.709578960000044 52.424010591000069)",Unfall 164290 (2024) Kat:2, Licht: 0,164290,2,3,5,09,17,2,0,0,1,1,0,0,0,0
"POINT (10.777538952000043 52.426871841000036)",Unfall 164291 (2024) Kat:3, Licht: 0,164291,3,5,1,09,17,2,0,0,0,1,0,0,0,1
"POINT (10.805675410000049 52.452769387000046)",Unfall 164340 (2024) Kat:3, Licht: 0,164340,3,3,0,08,18,7,0,0,1,1,0,0,0,0
"POINT (10.772473182000056 52.420273278000082)",Unfall 164371 (2024) Kat:3, Licht: 0,164371,3,2,2,08,14,6,0,0,0,1,0,0,0,1
"POINT (10.864091481000060 52.424207697000043)",Unfall 164421 (2024) Kat:2, Licht: 0,164421,2,1,8,08,16,5,0,0,0,0,0,1,0,0
"POINT (10.762957861000075 52.420660743000042)",Unfall 164519 (2024) Kat:3, Licht: 0,164519,3,6,4,08,16,3,0,0,1,0,0,0,0,0
"POINT (10.810634075000053 52.437418781000076)",Unfall 164571 (2024) Kat:3, Licht: 2,164571,3,3,5,10,23,5,0,2,0,1,0,0,0,1
"POINT (10.800889001000030 52.449347367000030)",Unfall 164781 (2024) Kat:3, Licht: 0,164781,3,3,5,10,14,6,0,0,1,1,0,0,0,0
"POINT (10.762845042000038 52.412220050000030)",Unfall 164860 (2024) Kat:3, Licht: 0,164860,3,3,5,10,07,4,0,0,0,0,0,0,0,1
"POINT (10.753317664000065 52.393785079000054)",Unfall 164898 (2024) Kat:3, Licht: 0,164898,3,7,6,10,17,3,0,0,0,0,1,0,0,1
"POINT (10.761661796000055 52.418507974000079)",Unfall 165059 (2024) Kat:3, Licht: 1,165059,3,2,5,10,18,4,0,1,1,1,0,0,0,0
"POINT (10.786165602000040 52.424644199000056)",Unfall 165069 (2024) Kat:3, Licht: 0,165069,3,6,2,10,14,6,0,0,0,1,0,0,0,1
"POINT (10.790738672000032 52.424071194000078)",Unfall 165102 (2024) Kat:3, Licht: 0,165102,3,5,0,10,09,3,0,0,1,1,0,0,0,0
"POINT (10.685952472000054 52.412888692000081)",Unfall 165129 (2024) Kat:3, Licht: 0,165129,3,7,6,10,13,2,0,0,0,0,1,0,0,1
"POINT (10.723325055000032 52.421825590000026)",Unfall 165149 (2024) Kat:3, Licht: 0,165149,3,7,0,10,12,7,0,0,0,1,0,0,0,1
"POINT (10.792783274000044 52.421692636000046)",Unfall 165150 (2024) Kat:2, Licht: 2,165150,2,1,0,10,01,7,0,2,0,0,0,0,0,1
"POINT (10.722107529000027 52.419800882000061)",Unfall 165188 (2024) Kat:3, Licht: 0,165188,3,7,0,10,10,6,0,0,0,1,1,0,0,0
"POINT (10.767609896000067 52.421142669000062)",Unfall 165189 (2024) Kat:3, Licht: 0,165189,3,3,5,10,13,6,0,0,0,1,0,0,0,1
"POINT (10.814215407000063 52.415724848000082)",Unfall 165214 (2024) Kat:3, Licht: 0,165214,3,7,5,10,16,5,0,0,1,1,0,0,0,0
"POINT (10.763431834000073 52.411985977000029)",Unfall 165248 (2024) Kat:3, Licht: 0,165248,3,1,8,10,14,4,1,0,0,1,0,0,0,0
"POINT (10.776078360000042 52.428225682000061)",Unfall 165303 (2024) Kat:3, Licht: 2,165303,3,3,5,10,22,2,0,2,1,1,0,0,0,0
"POINT (10.773511220000046 52.424010746000079)",Unfall 165315 (2024) Kat:3, Licht: 0,165315,3,3,5,10,12,4,0,0,1,1,0,0,0,0
"POINT (10.841390226000044 52.442409698000063)",Unfall 165388 (2024) Kat:3, Licht: 0,165388,3,1,1,10,08,5,1,0,0,0,0,1,1,0
"POINT (10.752966697000033 52.396446052000044)",Unfall 165472 (2024) Kat:3, Licht: 0,165472,3,6,2,10,12,3,1,0,0,1,0,0,0,0
"POINT (10.787127430000055 52.422024431000068)",Unfall 165624 (2024) Kat:3, Licht: 1,165624,3,7,0,12,07,2,1,1,0,0,1,0,0,1
"POINT (10.810884571000031 52.427139214000078)",Unfall 165661 (2024) Kat:3, Licht: 2,165661,3,2,5,12,17,7,1,2,1,1,0,0,0,0
"POINT (10.789309343000070 52.425241870000036)",Unfall 165831 (2024) Kat:3, Licht: 2,165831,3,7,0,12,23,1,1,2,0,1,0,0,0,0
"POINT (10.794807656000046 52.439229385000033)",Unfall 165836 (2024) Kat:3, Licht: 2,165836,3,7,7,12,17,5,0,2,1,0,0,0,1,0
"POINT (10.783779286000026 52.443204241000046)",Unfall 165918 (2024) Kat:3, Licht: 2,165918,3,3,5,11,06,5,1,2,0,1,0,0,0,1
"POINT (10.759811864000028 52.420149295000044)",Unfall 166018 (2024) Kat:2, Licht: 2,166018,2,4,6,11,16,2,0,2,0,1,1,0,0,0
"POINT (10.786560173000055 52.428057118000027)",Unfall 166087 (2024) Kat:3, Licht: 2,166087,3,4,6,11,17,6,0,2,0,1,1,0,0,0
"POINT (10.785356428000057 52.416752646000077)",Unfall 166185 (2024) Kat:3, Licht: 0,166185,3,6,2,11,13,3,1,0,0,1,0,0,0,0
"POINT (10.777516576000039 52.420107704000031)",Unfall 166186 (2024) Kat:2, Licht: 2,166186,2,2,6,11,17,3,1,2,0,1,1,0,0,0
"POINT (10.830518573000063 52.426134290000050)",Unfall 166224 (2024) Kat:3, Licht: 2,166224,3,6,4,11,17,2,0,2,0,1,0,0,0,0
"POINT (10.706004464000046 52.421025628000052)",Unfall 166289 (2024) Kat:3, Licht: 2,166289,3,1,0,11,23,6,0,2,1,0,0,0,0,0
"POINT (10.798977305000051 52.435195935000081)",Unfall 166357 (2024) Kat:3, Licht: 2,166357,3,2,5,11,17,4,1,2,1,0,0,0,0,0
"POINT (10.780462494000062 52.422625684000081)",Unfall 166393 (2024) Kat:3, Licht: 0,166393,3,3,5,11,09,3,1,0,1,1,0,0,0,0
"POINT (10.779707894000069 52.419385234000060)",Unfall 166394 (2024) Kat:3, Licht: 0,166394,3,3,5,11,13,3,0,0,0,1,0,0,0,1
"POINT (10.774722479000047 52.426936855000065)",Unfall 166410 (2024) Kat:3, Licht: 0,166410,3,3,5,11,13,4,0,0,1,1,0,0,0,0
"POINT (10.841023176000022 52.440334020000080)",Unfall 166430 (2024) Kat:3, Licht: 2,166430,3,6,2,11,16,2,1,2,0,1,0,1,0,0
"POINT (10.757236095000053 52.407322084000043)",Unfall 166462 (2024) Kat:3, Licht: 2,166462,3,1,0,11,19,7,0,2,1,0,0,0,0,0
"POINT (10.800914748000025 52.417999243000054)",Unfall 166480 (2024) Kat:3, Licht: 0,166480,3,7,0,11,08,6,0,0,0,1,1,0,0,0
"POINT (10.801807602000054 52.422515547000046)",Unfall 166582 (2024) Kat:3, Licht: 2,166582,3,3,5,11,19,3,0,2,0,1,0,0,0,1
"POINT (10.723305648000064 52.394148690000065)",Unfall 166633 (2024) Kat:3, Licht: 0,166633,3,2,5,11,15,1,0,0,1,1,0,0,0,0
"POINT (10.789741348000064 52.428326938000055)",Unfall 166658 (2024) Kat:3, Licht: 2,166658,3,7,0,11,21,7,1,2,0,0,0,0,0,1
"POINT (10.784822426000062 52.421930662000079)",Unfall 166659 (2024) Kat:3, Licht: 0,166659,3,2,5,11,12,7,0,0,1,1,0,0,0,0
"POINT (10.753878632000067 52.419250628000043)",Unfall 166672 (2024) Kat:2, Licht: 2,166672,2,3,5,11,21,6,0,2,0,1,0,0,0,1
"POINT (10.776285976000054 52.410124480000036)",Unfall 167457 (2024) Kat:3, Licht: 0,167457,3,3,5,12,16,2,1,0,0,1,0,0,0,0
"POINT (10.812866459000077 52.429588718000048)",Unfall 167473 (2024) Kat:2, Licht: 0,167473,2,6,3,12,15,1,1,0,1,0,0,0,0,0
"POINT (10.829870293000056 52.426267660000065)",Unfall 167532 (2024) Kat:3, Licht: 2,167532,3,3,5,12,05,6,0,2,0,1,0,0,0,0
"POINT (10.807701196000039 52.440148643000043)",Unfall 167671 (2024) Kat:3, Licht: 2,167671,3,7,5,12,19,2,1,2,0,1,0,0,0,0
"POINT (10.725658274000068 52.398869013000080)",Unfall 167722 (2024) Kat:3, Licht: 0,167722,3,3,5,12,12,6,1,0,1,1,0,0,0,0
"POINT (10.713076062000027 52.417064327000048)",Unfall 167724 (2024) Kat:3, Licht: 0,167724,3,3,5,12,11,6,1,0,0,1,0,1,0,0
"POINT (10.745878688000062 52.401235002000078)",Unfall 167725 (2024) Kat:3, Licht: 0,167725,3,6,2,12,10,6,1,0,0,1,0,0,0,0
"POINT (10.744318430000021 52.431031698000027)",Unfall 167832 (2024) Kat:2, Licht: 2,167832,2,6,4,12,16,3,1,2,0,1,0,0,0,0
"POINT (10.759952656000053 52.428941834000057)",Unfall 167833 (2024) Kat:3, Licht: 2,167833,3,3,0,12,07,3,1,2,1,1,0,0,0,0
"POINT (10.781826390000049 52.428005972000051)",Unfall 167835 (2024) Kat:3, Licht: 0,167835,3,6,2,12,10,3,1,0,0,1,0,0,0,0
"POINT (10.831659618000060 52.452107828000067)",Unfall 262439 (2024) Kat:3, Licht: 0,262439,3,2,3,01,15,2,0,0,1,1,0,0,0,0
"POINT (10.838919834000023 52.436753873000043)",Unfall 262518 (2024) Kat:3, Licht: 2,262518,3,7,7,04,22,3,0,2,1,0,0,0,0,0
"POINT (10.704792435000059 52.415648662000081)",Unfall 262519 (2024) Kat:3, Licht: 0,262519,3,6,6,04,13,3,0,0,1,0,1,0,0,0
"POINT (10.796235319000061 52.416475822000052)",Unfall 262598 (2024) Kat:3, Licht: 0,262598,3,3,0,06,18,2,1,0,1,1,0,0,0,0
"POINT (10.783861007000041 52.417997023000055)",Unfall 262747 (2024) Kat:2, Licht: 0,262747,2,3,5,08,13,7,0,0,1,0,0,0,0,0
"POINT (10.779858967000052 52.408571805000065)",Unfall 262868 (2024) Kat:3, Licht: 2,262868,3,6,4,11,22,3,1,2,1,0,0,0,0,0